cargo_type,current_temp,safe_temp,max_temp_threshold,flight_duration_hours,flight_delay_minutes,viability_percentage
Solid Organs,5.73,5,8,7.36,944,61.34
Solid Organs,5.89,5,8,4.59,587,73.5
Solid Organs,8.41,5,8,8.23,516,64.58
Solid Organs,10.64,5,8,5.14,1297,43.93
Solid Organs,3.86,5,8,6.05,637,73.71
Solid Organs,6.65,5,8,4.94,1032,60.47
Solid Organs,8.6,5,8,7.43,1157,49.45
Solid Organs,9.4,5,8,3.25,1027,56.54
Solid Organs,9.6,5,8,2.39,3,93.31
Solid Organs,5.73,5,8,11.76,1125,52.42
Solid Organs,7.56,5,8,10.97,495,62.63
Solid Organs,5.78,5,8,7.5,418,73.54
Solid Organs,8.72,5,8,6.55,127,79.41
Solid Organs,11.73,5,8,3.86,190,79.13
Solid Organs,4.91,5,8,8.57,1014,60.3
Solid Organs,3.71,5,8,11.65,591,67.78
Solid Organs,5.99,5,8,11.87,858,56.84
Solid Organs,9.42,5,8,7.73,1112,47.87
Solid Organs,4.74,5,8,8.95,1204,56.63
Solid Organs,6.45,5,8,6.29,1075,58.19
Solid Organs,5.12,5,8,8.51,1431,52.03
Solid Organs,7.82,5,8,6.26,551,68.13
Solid Organs,8.71,5,8,4.51,1135,53.65
Solid Organs,5.77,5,8,11.38,1194,51.49
Solid Organs,7.89,5,8,8.34,1271,47.83
Solid Organs,9.21,5,8,8.93,1263,43.7
Solid Organs,5.97,5,8,11.53,1138,51.8
Solid Organs,4.11,5,8,7.43,1326,57.64
Solid Organs,11.69,5,8,10.18,1073,39.35
Solid Organs,4.59,5,8,8.37,254,78.34
Solid Organs,3.41,5,8,8.56,568,72.73
Solid Organs,8.11,5,8,3.05,1383,51.53
Solid Organs,11.3,5,8,9.05,839,47.54
Solid Organs,8.39,5,8,4.72,650,66.8
Solid Organs,11.61,5,8,8.54,959,44.49
Solid Organs,8.62,5,8,6.61,1407,45.22
Solid Organs,3.45,5,8,4.14,530,79.48
Solid Organs,8.06,5,8,2.46,1129,58.38
Solid Organs,7.93,5,8,9.47,1200,47.78
Solid Organs,9.58,5,8,8.63,1096,46.6
Solid Organs,8.6,5,8,2.05,1105,58.31
Solid Organs,7.73,5,8,8.64,1207,49.18
Solid Organs,5.47,5,8,11.23,402,68.93
Solid Organs,10.31,5,8,11.15,831,47.25
Solid Organs,11.33,5,8,11.37,52,67.31
Solid Organs,7.32,5,8,6.61,1,85.33
Solid Organs,8.52,5,8,3.42,793,64.67
Solid Organs,9.48,5,8,10.75,361,62.35
Solid Organs,10.12,5,8,10.73,620,53.65
Solid Organs,5.27,5,8,4.22,956,66.25
Solid Organs,9.8,5,8,9.96,1384,38.55
Solid Organs,4.25,5,8,6.7,1438,56.07
Solid Organs,3.84,5,8,4.26,219,86.55
Solid Organs,8.28,5,8,4.12,1356,50.28
Solid Organs,3.96,5,8,6.47,1057,64.14
Solid Organs,9.65,5,8,8.2,479,63.01
Solid Organs,7.5,5,8,10.77,1221,47.02
Solid Organs,8.39,5,8,7.27,820,58.09
Solid Organs,4.46,5,8,11.54,928,59.59
Solid Organs,3.79,5,8,2.02,108,93.29
Solid Organs,10.97,5,8,6.3,395,66.64
Solid Organs,8.72,5,8,5.02,1365,47.76
Solid Organs,9.41,5,8,6.6,1299,45.3
Solid Organs,4.9,5,8,11.39,235,73.79
Solid Organs,8.78,5,8,11.86,655,54.4
Solid Organs,9.23,5,8,10.34,608,56.77
Solid Organs,3.7,5,8,2.86,985,70.59
Solid Organs,5.06,5,8,4.0,1159,62.59
Solid Organs,9.16,5,8,9.21,587,59.31
Solid Organs,4.72,5,8,5.7,595,73.67
Solid Organs,8.55,5,8,11.62,498,59.26
Solid Organs,8.67,5,8,9.97,1098,47.26
Solid Organs,6.9,5,8,2.24,469,79.22
Solid Organs,5.16,5,8,3.11,776,72.25
Solid Organs,3.86,5,8,9.62,521,71.55
Solid Organs,7.62,5,8,8.61,1187,49.91
Solid Organs,5.75,5,8,2.4,992,66.94
Solid Organs,5.32,5,8,4.53,636,73.33
Solid Organs,11.6,5,8,10.78,1040,39.53
Solid Organs,4.15,5,8,9.71,957,61.87
Solid Organs,5.2,5,8,5.88,869,66.13
Solid Organs,7.93,5,8,6.83,1007,55.33
Solid Organs,4.65,5,8,2.33,1007,68.93
Solid Organs,3.33,5,8,6.47,1294,61.14
Solid Organs,7.46,5,8,6.59,1162,53.4
Solid Organs,10.08,5,8,11.04,195,65.63
Solid Organs,9.27,5,8,11.62,529,56.74
Solid Organs,6.97,5,8,4.05,60,88.89
Solid Organs,7.49,5,8,8.11,1033,54.14
Solid Organs,3.15,5,8,7.16,1118,64.0
Solid Organs,5.29,5,8,2.5,895,70.03
Solid Organs,8.84,5,8,3.11,1440,48.29
Solid Organs,7.4,5,8,11.99,687,56.91
Solid Organs,5.17,5,8,9.87,1411,50.82
Solid Organs,8.67,5,8,5.89,1064,53.47
Solid Organs,11.39,5,8,5.29,130,78.48
Solid Organs,7.73,5,8,10.38,32,76.38
Solid Organs,3.54,5,8,6.52,607,74.31
Solid Organs,10.96,5,8,5.32,1327,42.16
Solid Organs,8.93,5,8,2.01,114,89.96
Solid Organs,6.15,5,8,10.84,952,55.77
Solid Organs,6.1,5,8,3.63,566,75.25
Solid Organs,11.44,5,8,2.41,538,69.01
Solid Organs,3.86,5,8,9.46,57,82.66
Solid Organs,3.53,5,8,11.61,277,74.88
Solid Organs,10.78,5,8,3.35,348,75.26
Solid Organs,5.29,5,8,8.62,898,61.73
Solid Organs,5.74,5,8,4.16,151,86.82
Solid Organs,8.69,5,8,4.54,699,65.07
Solid Organs,7.98,5,8,2.17,20,93.89
Solid Organs,11.52,5,8,2.37,543,68.76
Solid Organs,5.85,5,8,3.39,173,87.45
Solid Organs,5.24,5,8,8.15,368,74.76
Solid Organs,11.08,5,8,9.13,364,61.73
Solid Organs,11.63,5,8,5.02,1005,48.66
Solid Organs,7.48,5,8,2.57,1023,62.2
Solid Organs,4.95,5,8,2.42,1164,64.75
Solid Organs,5.37,5,8,2.39,94,92.18
Solid Organs,6.56,5,8,9.45,654,63.2
Solid Organs,7.67,5,8,4.31,353,77.85
Solid Organs,3.91,5,8,7.58,239,80.86
Solid Organs,8.0,5,8,3.74,283,80.81
Solid Organs,5.83,5,8,4.15,115,87.87
Solid Organs,10.53,5,8,11.17,552,53.74
Solid Organs,9.1,5,8,8.73,1309,43.32
Solid Organs,8.74,5,8,11.19,162,69.08
Solid Organs,4.64,5,8,8.17,1160,58.56
Solid Organs,5.61,5,8,3.93,1061,63.54
Solid Organs,11.1,5,8,8.15,153,71.15
Solid Organs,6.46,5,8,7.48,432,71.99
Solid Organs,8.38,5,8,4.89,577,68.65
Solid Organs,6.63,5,8,8.05,1201,52.91
Solid Organs,4.21,5,8,5.21,1328,59.81
Solid Organs,8.43,5,8,8.48,172,74.42
Solid Organs,4.39,5,8,2.16,751,75.58
Solid Organs,11.74,5,8,11.67,899,41.1
Solid Organs,10.78,5,8,5.1,763,57.51
Solid Organs,11.63,5,8,11.86,1221,34.44
Solid Organs,8.8,5,8,7.69,1296,45.65
Solid Organs,10.72,5,8,4.44,826,56.97
Solid Organs,5.21,5,8,7.05,1108,59.53
Solid Organs,5.59,5,8,10.33,539,66.75
Solid Organs,6.24,5,8,7.31,180,79.68
Solid Organs,6.74,5,8,6.14,536,70.84
Solid Organs,6.24,5,8,8.89,775,61.88
Solid Organs,5.88,5,8,9.22,122,78.58
Solid Organs,11.55,5,8,9.0,832,47.14
Solid Organs,10.77,5,8,3.15,373,74.77
Solid Organs,6.05,5,8,4.48,490,75.99
Solid Organs,4.45,5,8,10.84,186,76.57
Solid Organs,10.89,5,8,11.45,1377,34.06
Solid Organs,9.89,5,8,5.97,1322,44.32
Solid Organs,7.3,5,8,3.07,896,65.06
Solid Organs,3.69,5,8,7.92,398,76.89
Solid Organs,3.65,5,8,3.02,753,75.57
Solid Organs,8.15,5,8,8.31,1366,45.31
Solid Organs,5.31,5,8,6.15,1149,59.54
Solid Organs,9.11,5,8,9.64,1345,41.53
Solid Organs,3.45,5,8,11.27,173,77.82
Solid Organs,11.0,5,8,2.91,37,89.45
Solid Organs,11.32,5,8,9.62,256,63.81
Solid Organs,9.0,5,8,9.03,1435,40.85
Solid Organs,4.15,5,8,8.08,1034,62.26
Solid Organs,10.71,5,8,11.96,210,62.02
Solid Organs,3.45,5,8,11.5,1390,54.1
Solid Organs,3.57,5,8,10.51,1068,60.28
Solid Organs,9.79,5,8,8.82,1276,42.0
Solid Organs,8.59,5,8,6.87,430,69.09
Solid Organs,6.26,5,8,5.68,1018,60.69
Solid Organs,8.83,5,8,5.28,1154,51.79
Solid Organs,10.38,5,8,7.69,258,69.67
Solid Organs,4.91,5,8,4.28,181,86.52
Solid Organs,7.46,5,8,8.75,801,58.6
Solid Organs,9.11,5,8,8.18,526,62.85
Solid Organs,11.07,5,8,9.26,860,47.28
Solid Organs,8.69,5,8,8.95,254,70.48
Solid Organs,9.58,5,8,7.56,1044,49.22
Solid Organs,5.55,5,8,3.47,1155,62.23
Solid Organs,3.75,5,8,10.84,941,61.79
Solid Organs,10.43,5,8,4.31,1124,49.79
Solid Organs,7.5,5,8,7.28,1055,54.72
Solid Organs,5.97,5,8,7.38,1270,54.04
Solid Organs,10.25,5,8,8.61,158,71.48
Solid Organs,6.58,5,8,6.31,1421,50.76
Solid Organs,5.93,5,8,11.77,750,59.36
Solid Organs,4.92,5,8,4.12,1102,63.95
Solid Organs,10.57,5,8,5.94,373,68.95
Solid Organs,7.54,5,8,7.26,297,74.3
Solid Organs,9.64,5,8,2.79,1024,56.75
Solid Organs,7.74,5,8,6.54,505,69.1
Solid Organs,9.43,5,8,3.77,206,81.68
Solid Organs,10.89,5,8,3.34,1347,44.61
Solid Organs,11.2,5,8,2.29,275,80.23
Solid Organs,5.74,5,8,4.54,1113,61.33
Solid Organs,9.22,5,8,11.68,1258,40.57
Solid Organs,7.34,5,8,7.27,511,68.51
Solid Organs,8.85,5,8,7.9,1205,47.15
Solid Organs,5.45,5,8,10.52,940,58.15
Solid Organs,5.5,5,8,5.97,850,65.8
Solid Organs,8.17,5,8,11.6,268,66.38
Solid Organs,7.08,5,8,6.99,976,57.93
Solid Organs,11.02,5,8,10.73,407,57.47
Solid Organs,9.94,5,8,11.62,856,46.99
Solid Organs,5.4,5,8,6.52,596,71.21
Solid Organs,5.07,5,8,11.62,981,56.97
Solid Organs,11.0,5,8,2.05,421,75.1
Solid Organs,4.41,5,8,3.86,264,85.4
Solid Organs,10.42,5,8,7.66,1154,44.34
Solid Organs,9.73,5,8,3.32,556,69.67
Solid Organs,11.6,5,8,11.13,459,53.79
Solid Organs,10.35,5,8,4.74,1410,42.75
Solid Organs,7.45,5,8,4.35,854,63.84
Solid Organs,6.28,5,8,5.64,880,63.85
Solid Organs,11.06,5,8,3.85,568,65.57
Solid Organs,9.59,5,8,2.98,89,88.1
Solid Organs,3.24,5,8,6.42,1212,62.87
Solid Organs,8.76,5,8,5.13,1114,53.15
Solid Organs,5.61,5,8,3.09,145,89.09
Solid Organs,11.34,5,8,2.3,1155,49.77
Solid Organs,9.47,5,8,4.0,1317,48.17
Solid Organs,9.02,5,8,6.82,175,76.72
Solid Organs,7.76,5,8,7.28,860,58.6
Solid Organs,3.05,5,8,9.38,336,77.32
Solid Organs,6.94,5,8,11.66,453,64.01
Solid Organs,7.46,5,8,10.89,511,62.57
Solid Organs,9.81,5,8,9.33,1324,40.37
Solid Organs,9.16,5,8,9.46,650,57.23
Solid Organs,5.11,5,8,5.24,872,67.1
Solid Organs,8.61,5,8,3.82,610,69.16
Solid Organs,4.13,5,8,7.84,235,80.27
Solid Organs,7.57,5,8,4.46,622,69.67
Solid Organs,8.22,5,8,11.28,1123,46.37
Solid Organs,7.4,5,8,11.08,297,67.99
Solid Organs,10.59,5,8,10.86,34,70.47
Solid Organs,3.43,5,8,7.0,691,72.07
Solid Organs,6.48,5,8,4.06,1370,54.71
Solid Organs,9.47,5,8,2.04,446,76.6
Solid Organs,9.25,5,8,8.06,752,56.53
Solid Organs,8.92,5,8,9.25,1314,43.1
Solid Organs,6.7,5,8,11.72,1411,44.77
Solid Organs,8.68,5,8,2.49,347,80.3
Solid Organs,11.81,5,8,4.1,1323,41.61
Solid Organs,11.16,5,8,6.89,671,56.12
Solid Organs,4.22,5,8,6.8,268,80.9
Solid Organs,6.98,5,8,5.08,883,63.05
Solid Organs,5.55,5,8,10.79,1210,52.42
Solid Organs,4.42,5,8,2.86,1220,64.2
Solid Organs,10.27,5,8,7.02,736,56.17
Solid Organs,5.23,5,8,2.94,1060,65.73
Solid Organs,11.82,5,8,2.92,1133,48.11
Solid Organs,11.88,5,8,8.73,1241,37.1
Solid Organs,6.3,5,8,10.41,1042,54.1
Solid Organs,4.52,5,8,2.14,900,71.88
Solid Organs,4.43,5,8,6.84,504,74.71
Solid Organs,6.54,5,8,4.81,1226,56.63
Solid Organs,7.95,5,8,6.94,992,55.5
Solid Organs,9.07,5,8,4.34,922,58.37
Solid Organs,6.32,5,8,4.54,1245,57.11
Solid Organs,7.28,5,8,9.4,1267,48.3
Solid Organs,11.37,5,8,11.35,85,66.07
Solid Organs,11.29,5,8,3.15,362,74.35
Solid Organs,6.39,5,8,4.31,953,63.78
Solid Organs,10.33,5,8,4.49,1136,49.48
Solid Organs,3.28,5,8,9.63,860,65.78
Solid Organs,9.28,5,8,11.91,414,59.33
Solid Organs,7.78,5,8,4.65,810,63.79
Solid Organs,3.48,5,8,7.3,484,76.11
Solid Organs,8.76,5,8,7.11,712,60.27
Solid Organs,8.18,5,8,11.36,1238,44.17
Solid Organs,4.9,5,8,9.01,887,62.37
Solid Organs,10.58,5,8,8.4,1395,37.97
Solid Organs,3.5,5,8,2.79,632,78.9
Solid Organs,7.71,5,8,8.93,634,61.86
Solid Organs,3.67,5,8,4.79,629,75.94
Solid Organs,5.0,5,8,2.04,95,93.02
Solid Organs,5.79,5,8,10.47,53,78.56
Solid Organs,3.07,5,8,7.89,758,70.25
Solid Organs,9.35,5,8,7.17,593,62.15
Solid Organs,11.51,5,8,3.07,639,63.77
Solid Organs,5.51,5,8,4.64,403,78.96
Solid Organs,8.83,5,8,4.47,457,72.3
Solid Organs,3.75,5,8,9.63,840,65.15
Solid Organs,4.39,5,8,11.4,393,71.01
Solid Organs,3.5,5,8,6.57,561,75.34
Solid Organs,11.19,5,8,11.26,673,48.7
Solid Organs,9.1,5,8,3.63,987,57.7
Solid Organs,9.25,5,8,7.58,1400,42.48
Solid Organs,10.41,5,8,3.63,1321,46.06
Solid Organs,4.69,5,8,6.4,1396,56.03
Solid Organs,7.26,5,8,4.25,1034,59.97
Solid Organs,9.65,5,8,2.29,1425,47.55
Solid Organs,10.59,5,8,2.85,865,58.94
Solid Organs,8.4,5,8,4.97,610,67.5
Solid Organs,7.46,5,8,11.21,136,72.21
Solid Organs,7.54,5,8,5.59,1221,53.2
Solid Organs,11.87,5,8,11.35,1320,32.51
Solid Organs,11.83,5,8,7.22,45,76.52
Solid Organs,11.26,5,8,5.71,197,74.86
Solid Organs,7.96,5,8,5.86,809,61.52
Solid Organs,8.87,5,8,8.21,396,67.13
Platelets,23.58,22,24,3.0,901,66.93
Platelets,22.49,22,24,4.08,797,69.83
Platelets,26.96,22,24,9.15,906,50.71
Platelets,26.68,22,24,5.71,484,68.47
Platelets,21.6,22,24,6.23,486,75.66
Platelets,21.78,22,24,3.38,183,88.1
Platelets,20.21,22,24,5.05,491,79.15
Platelets,25.75,22,24,6.31,655,64.09
Platelets,21.8,22,24,4.56,1371,58.23
Platelets,27.31,22,24,3.83,483,71.12
Platelets,21.14,22,24,7.52,807,67.35
Platelets,20.87,22,24,2.58,679,77.34
Platelets,27.1,22,24,4.84,916,56.65
Platelets,22.78,22,24,11.58,1055,54.04
Platelets,25.25,22,24,4.67,297,78.65
Platelets,20.95,22,24,2.12,806,74.89
Platelets,26.23,22,24,2.09,836,65.23
Platelets,25.6,22,24,5.58,883,59.53
Platelets,21.51,22,24,3.83,544,77.93
Platelets,24.0,22,24,11.5,873,55.02
Platelets,26.81,22,24,11.76,1354,38.6
Platelets,22.99,22,24,8.61,1035,57.49
Platelets,25.15,22,24,11.0,633,58.6
Platelets,20.51,22,24,4.34,269,85.29
Platelets,25.32,22,24,9.54,371,67.4
Platelets,27.61,22,24,2.88,686,65.81
Platelets,20.91,22,24,7.25,1235,59.68
Platelets,24.09,22,24,6.75,1308,51.76
Platelets,24.34,22,24,11.21,674,59.05
Platelets,21.69,22,24,9.32,1076,58.67
Platelets,22.69,22,24,4.72,556,74.58
Platelets,23.06,22,24,10.46,417,68.75
Platelets,24.16,22,24,3.21,1010,62.83
Platelets,22.31,22,24,6.12,429,76.25
Platelets,22.39,22,24,9.35,341,73.43
Platelets,22.51,22,24,4.57,232,83.97
Platelets,23.39,22,24,5.08,1384,53.84
Platelets,24.23,22,24,5.77,1316,52.42
Platelets,25.47,22,24,10.91,678,56.95
Platelets,20.08,22,24,5.79,818,71.19
Platelets,22.88,22,24,5.88,936,63.35
Platelets,21.11,22,24,4.59,1118,64.62
Platelets,26.51,22,24,10.39,1008,47.76
Platelets,25.47,22,24,4.81,854,61.72
Platelets,23.49,22,24,4.54,343,79.68
Platelets,21.85,22,24,3.11,1267,61.92
Platelets,23.7,22,24,6.31,461,73.01
Platelets,24.38,22,24,2.08,1037,63.41
Platelets,25.07,22,24,6.52,1071,54.82
Platelets,23.06,22,24,4.44,743,69.64
Platelets,24.4,22,24,6.15,80,83.82
Platelets,23.96,22,24,10.46,832,57.33
Platelets,23.87,22,24,5.53,649,68.96
Platelets,24.35,22,24,11.93,3,75.48
Platelets,27.66,22,24,8.49,478,61.7
Platelets,24.98,22,24,11.31,1098,48.39
Platelets,26.42,22,24,2.67,422,76.93
Platelets,27.23,22,24,11.86,384,59.41
Platelets,20.92,22,24,6.51,583,74.0
Platelets,25.63,22,24,9.69,729,57.15
Platelets,23.46,22,24,5.11,346,78.63
Platelets,20.47,22,24,9.9,879,64.31
Platelets,24.41,22,24,9.01,382,69.58
Platelets,22.83,22,24,5.23,576,73.04
Platelets,25.69,22,24,3.79,659,68.38
Platelets,24.22,22,24,5.76,894,61.81
Platelets,26.33,22,24,11.52,1292,41.16
Platelets,24.03,22,24,8.86,1078,53.97
Platelets,23.28,22,24,9.02,1073,55.56
Platelets,27.48,22,24,7.11,675,58.74
Platelets,20.52,22,24,9.84,794,65.94
Platelets,24.19,22,24,4.88,921,62.5
Platelets,23.51,22,24,6.01,463,73.73
Platelets,21.56,22,24,5.49,284,82.01
Platelets,25.45,22,24,2.0,457,78.39
Platelets,20.7,22,24,4.85,322,82.97
Platelets,24.87,22,24,10.36,223,70.99
Platelets,22.98,22,24,5.93,346,77.86
Platelets,26.54,22,24,8.94,1393,41.66
Platelets,22.67,22,24,8.58,125,79.99
Platelets,25.33,22,24,6.72,362,72.61
Platelets,21.72,22,24,7.36,1426,54.3
Platelets,27.22,22,24,9.06,1310,41.47
Platelets,20.84,22,24,2.94,1301,63.49
Platelets,27.76,22,24,8.04,466,62.7
Platelets,24.58,22,24,4.56,837,64.3
Platelets,22.78,22,24,4.88,919,65.3
Platelets,23.58,22,24,10.91,714,60.14
Platelets,21.75,22,24,6.43,129,84.48
Platelets,25.19,22,24,8.16,715,60.7
Platelets,25.13,22,24,2.41,633,72.54
Platelets,22.18,22,24,2.37,868,71.11
Platelets,21.35,22,24,7.74,88,83.87
Platelets,25.14,22,24,9.1,331,69.62
Platelets,26.69,22,24,2.03,728,67.73
Platelets,21.77,22,24,3.48,1373,59.52
Platelets,22.39,22,24,4.06,402,80.18
Platelets,22.5,22,24,11.14,530,66.14
Platelets,26.44,22,24,8.42,1160,47.19
Platelets,22.11,22,24,2.9,907,69.56
Platelets,24.79,22,24,9.77,428,66.41
Platelets,23.35,22,24,11.54,1123,51.48
Platelets,27.63,22,24,8.56,1009,47.55
Platelets,22.28,22,24,5.5,568,73.7
Platelets,24.67,22,24,4.09,665,69.46
Platelets,27.14,22,24,11.29,172,66.94
Platelets,22.85,22,24,9.26,101,79.3
Platelets,27.65,22,24,6.26,1045,49.94
Platelets,23.44,22,24,5.63,63,86.28
Platelets,24.96,22,24,5.25,767,64.3
Platelets,25.15,22,24,11.33,62,73.6
Platelets,27.56,22,24,5.07,166,79.58
Platelets,25.22,22,24,11.94,634,57.07
Platelets,27.73,22,24,6.76,402,67.26
Platelets,20.92,22,24,9.63,967,62.0
Platelets,20.88,22,24,9.74,1327,55.45
Platelets,22.41,22,24,11.17,265,72.57
Platelets,21.63,22,24,3.12,591,77.66
Platelets,20.17,22,24,3.5,754,75.36
Platelets,21.95,22,24,8.12,866,63.79
Platelets,23.81,22,24,5.58,1304,53.87
Platelets,23.83,22,24,8.41,332,72.9
Platelets,25.63,22,24,7.54,307,72.3
Platelets,23.43,22,24,10.84,600,63.15
Platelets,22.83,22,24,5.17,93,86.74
Platelets,22.49,22,24,11.92,78,76.07
Platelets,25.21,22,24,9.5,1269,46.62
Platelets,25.54,22,24,7.67,1370,45.98
Platelets,26.9,22,24,6.81,120,78.22
Platelets,23.06,22,24,5.57,1270,56.25
Platelets,24.72,22,24,6.65,156,80.02
Platelets,26.18,22,24,4.56,100,84.74
Platelets,24.82,22,24,7.75,1178,51.48
Platelets,20.72,22,24,8.92,1438,54.77
Platelets,22.09,22,24,10.01,351,72.68
Platelets,24.38,22,24,7.05,1369,49.51
Platelets,22.37,22,24,11.98,681,61.97
Platelets,21.35,22,24,5.94,294,81.29
Platelets,27.66,22,24,10.06,1299,39.43
Platelets,27.93,22,24,8.37,485,61.18
Platelets,27.4,22,24,2.21,1107,55.11
Platelets,22.02,22,24,7.05,991,62.38
Platelets,24.66,22,24,11.64,1305,44.88
Platelets,24.44,22,24,2.09,464,79.28
Platelets,20.59,22,24,5.71,849,69.75
Platelets,25.06,22,24,10.38,321,67.84
Platelets,22.37,22,24,8.36,1199,55.9
Platelets,21.87,22,24,5.06,617,73.78
Platelets,20.17,22,24,7.44,568,74.24
Platelets,23.18,22,24,9.72,1192,52.64
Platelets,22.47,22,24,5.21,332,80.09
Platelets,27.9,22,24,7.0,514,62.88
Platelets,24.38,22,24,6.8,393,73.02
Platelets,23.78,22,24,4.78,929,63.25
Platelets,24.74,22,24,2.14,631,73.69
Platelets,22.2,22,24,4.43,739,71.2
Platelets,27.11,22,24,2.76,502,73.0
Platelets,24.31,22,24,7.11,1400,49.0
Platelets,24.0,22,24,8.13,1064,55.24
Platelets,25.57,22,24,6.72,774,60.61
Platelets,26.17,22,24,10.63,65,73.27
Platelets,25.93,22,24,2.64,206,85.31
Platelets,21.44,22,24,7.24,172,82.33
Platelets,26.83,22,24,2.97,775,64.33
Platelets,26.99,22,24,10.9,382,61.59
Platelets,27.27,22,24,2.79,124,87.04
Platelets,26.06,22,24,3.62,244,81.66
Platelets,22.99,22,24,6.02,1064,60.14
Platelets,23.22,22,24,6.62,646,68.53
Platelets,24.74,22,24,3.11,712,69.68
Platelets,24.7,22,24,6.67,928,58.71
Platelets,21.45,22,24,6.21,1096,62.42
Platelets,27.34,22,24,8.55,599,58.72
Platelets,21.09,22,24,2.51,123,91.8
Platelets,20.74,22,24,3.67,777,73.74
Platelets,25.65,22,24,3.46,616,70.31
Platelets,27.95,22,24,5.5,916,53.72
Platelets,24.45,22,24,6.95,1211,52.65
Platelets,21.79,22,24,3.42,896,69.65
Platelets,22.52,22,24,2.97,109,90.56
Platelets,26.98,22,24,11.37,598,54.98
Platelets,23.31,22,24,6.76,601,69.27
Platelets,21.15,22,24,9.91,358,74.13
Platelets,26.1,22,24,7.97,112,77.09
Platelets,24.43,22,24,7.17,963,57.79
Platelets,21.57,22,24,2.25,1254,63.8
Platelets,24.29,22,24,10.65,482,64.58
Platelets,27.15,22,24,8.24,924,51.14
Platelets,25.0,22,24,11.83,398,63.54
Platelets,24.82,22,24,3.25,535,74.45
Platelets,21.98,22,24,2.23,558,79.44
Platelets,25.42,22,24,11.94,1215,44.36
Platelets,21.09,22,24,4.09,664,75.24
Platelets,27.5,22,24,4.1,1351,46.17
Platelets,25.28,22,24,11.18,330,65.87
Platelets,27.69,22,24,6.86,779,55.79
Platelets,22.46,22,24,4.45,669,72.46
Platelets,23.2,22,24,2.71,281,85.17
Platelets,24.72,22,24,8.98,880,56.58
Platelets,26.17,22,24,10.98,311,65.09
Platelets,22.32,22,24,3.03,898,69.22
Platelets,27.58,22,24,10.43,822,49.45
Platelets,24.72,22,24,7.46,1295,49.67
Platelets,21.93,22,24,6.35,1346,56.4
Platelets,27.61,22,24,8.48,1141,44.73
Platelets,25.47,22,24,11.03,770,54.62
Platelets,23.51,22,24,9.49,1159,52.79
Platelets,21.47,22,24,8.0,1322,56.04
Platelets,23.99,22,24,3.96,574,73.35
Platelets,22.51,22,24,2.9,788,71.73
Platelets,23.65,22,24,4.94,1070,60.06
Platelets,25.75,22,24,8.88,298,69.93
Platelets,23.84,22,24,2.61,1287,57.93
Platelets,26.22,22,24,9.93,593,58.98
Platelets,25.93,22,24,6.22,149,79.65
Platelets,23.71,22,24,3.69,1222,58.22
Platelets,24.91,22,24,8.98,173,74.87
Platelets,20.75,22,24,11.32,1360,53.61
Platelets,20.16,22,24,8.35,1055,63.36
Platelets,21.51,22,24,10.83,1298,53.39
Platelets,27.85,22,24,4.73,98,82.77
Platelets,24.07,22,24,6.49,781,63.78
Platelets,25.87,22,24,10.77,1246,44.0
Platelets,23.57,22,24,6.22,767,65.48
Platelets,20.11,22,24,9.4,616,70.82
Platelets,20.41,22,24,10.82,730,66.26
Platelets,21.99,22,24,10.4,397,71.17
Platelets,25.23,22,24,9.03,624,61.6
Platelets,23.67,22,24,11.29,402,66.79
Platelets,27.76,22,24,8.65,1215,42.58
Platelets,21.39,22,24,8.93,239,78.07
Platelets,26.21,22,24,10.67,302,65.81
Platelets,24.77,22,24,3.94,553,72.75
Platelets,22.97,22,24,8.67,149,78.79
Platelets,26.08,22,24,11.11,216,67.81
Platelets,20.97,22,24,4.21,146,88.36
Platelets,20.33,22,24,2.24,295,88.02
Platelets,20.48,22,24,3.03,1240,65.28
Platelets,25.13,22,24,11.98,1046,48.26
Platelets,27.84,22,24,10.3,852,48.31
Platelets,20.5,22,24,7.44,1401,57.41
Platelets,25.18,22,24,2.0,333,82.89
Platelets,25.19,22,24,4.6,908,61.22
Platelets,21.7,22,24,7.69,954,62.99
Platelets,21.31,22,24,2.85,663,76.71
Platelets,22.79,22,24,8.27,1206,54.93
Platelets,27.54,22,24,2.65,922,59.19
Platelets,22.94,22,24,9.91,953,57.67
Platelets,26.16,22,24,6.37,534,66.66
Platelets,27.65,22,24,10.73,1042,43.86
Platelets,23.27,22,24,2.75,1436,55.86
Platelets,25.34,22,24,3.44,755,66.88
Platelets,26.68,22,24,10.19,387,63.29
Platelets,21.13,22,24,8.01,729,68.41
Platelets,24.6,22,24,2.58,656,72.4
Platelets,22.85,22,24,2.79,152,89.32
Platelets,26.33,22,24,3.89,1396,48.24
Platelets,23.01,22,24,6.89,313,77.14
Platelets,23.41,22,24,10.69,906,56.64
Platelets,23.63,22,24,8.65,896,59.01
Platelets,25.31,22,24,3.63,670,69.01
Platelets,23.73,22,24,10.69,1074,52.52
Platelets,21.73,22,24,9.29,680,66.7
Platelets,24.6,22,24,10.4,167,72.98
Platelets,27.94,22,24,5.91,933,52.65
Platelets,25.48,22,24,2.63,180,86.7
Platelets,26.18,22,24,4.18,1018,57.0
Platelets,21.79,22,24,3.91,12,92.21
Platelets,20.81,22,24,2.57,1323,63.55
Platelets,26.39,22,24,11.43,940,48.18
Platelets,26.41,22,24,8.07,244,72.05
Platelets,23.17,22,24,4.57,300,81.28
Platelets,24.14,22,24,11.15,601,61.25
Platelets,20.38,22,24,7.04,816,69.14
Platelets,20.55,22,24,7.98,1317,58.2
Platelets,24.29,22,24,10.95,376,66.84
Platelets,23.02,22,24,3.89,1212,59.63
Platelets,27.39,22,24,10.56,1424,37.22
Platelets,25.41,22,24,5.44,816,61.85
Platelets,24.45,22,24,7.34,61,82.07
Platelets,23.57,22,24,4.44,601,72.46
Platelets,22.06,22,24,5.17,1385,56.7
Platelets,23.5,22,24,9.84,1203,51.54
Platelets,21.81,22,24,10.57,504,68.77
Platelets,20.65,22,24,2.87,1347,63.06
Platelets,21.75,22,24,9.54,145,79.05
Platelets,23.12,22,24,3.05,189,87.46
Platelets,21.4,22,24,5.52,492,76.86
Platelets,20.67,22,24,10.13,155,79.3
Platelets,25.49,22,24,10.88,691,56.64
Platelets,21.09,22,24,6.36,870,67.6
Platelets,21.61,22,24,7.47,526,72.89
Platelets,20.94,22,24,8.97,282,77.57
Platelets,22.07,22,24,3.38,1437,57.73
Platelets,23.47,22,24,2.41,99,91.42
Platelets,22.26,22,24,5.01,426,78.15
Platelets,21.11,22,24,9.49,422,73.28
Platelets,24.25,22,24,4.33,795,66.34
Platelets,23.82,22,24,4.82,184,83.63
Platelets,25.91,22,24,3.38,122,86.83
Red Blood Cells,7.68,5,10,6.72,319,74.39
Red Blood Cells,9.48,5,10,10.1,1316,40.54
Red Blood Cells,10.29,5,10,3.78,104,84.79
Red Blood Cells,8.36,5,10,10.2,1399,41.98
Red Blood Cells,3.93,5,10,5.25,284,83.22
Red Blood Cells,9.18,5,10,10.79,474,59.77
Red Blood Cells,7.64,5,10,8.24,611,63.66
Red Blood Cells,7.34,5,10,4.7,827,64.22
Red Blood Cells,8.9,5,10,11.76,367,61.75
Red Blood Cells,12.09,5,10,6.57,62,77.09
Red Blood Cells,5.74,5,10,7.6,1396,52.0
Red Blood Cells,8.13,5,10,2.34,233,85.36
Red Blood Cells,11.6,5,10,6.7,813,51.26
Red Blood Cells,3.55,5,10,7.97,815,68.05
Red Blood Cells,12.57,5,10,6.65,1384,34.85
Red Blood Cells,6.78,5,10,3.12,1205,58.71
Red Blood Cells,9.85,5,10,10.78,12,72.75
Red Blood Cells,13.33,5,10,6.32,1386,33.16
Red Blood Cells,9.43,5,10,4.47,734,62.59
Red Blood Cells,7.84,5,10,4.69,1252,52.94
Red Blood Cells,12.57,5,10,3.6,330,72.41
Red Blood Cells,11.53,5,10,6.75,655,55.98
Red Blood Cells,13.17,5,10,8.74,545,51.64
Red Blood Cells,9.64,5,10,9.25,695,55.19
Red Blood Cells,3.18,5,10,5.6,888,70.21
Red Blood Cells,10.71,5,10,6.69,1137,45.27
Red Blood Cells,10.27,5,10,8.27,4,77.94
Red Blood Cells,11.25,5,10,7.82,1164,41.67
Red Blood Cells,4.1,5,10,5.84,529,76.09
Red Blood Cells,13.02,5,10,4.86,688,54.97
Red Blood Cells,3.97,5,10,6.45,1131,62.68
Red Blood Cells,7.65,5,10,8.57,1069,52.35
Red Blood Cells,7.22,5,10,2.36,216,86.8
Red Blood Cells,8.9,5,10,3.84,1316,49.89
Red Blood Cells,5.63,5,10,9.07,6,82.48
Red Blood Cells,9.81,5,10,2.45,1403,47.42
Red Blood Cells,8.41,5,10,8.61,929,53.47
Red Blood Cells,8.52,5,10,8.33,290,70.83
Red Blood Cells,7.45,5,10,7.07,1378,48.39
Red Blood Cells,8.95,5,10,11.49,158,68.22
Red Blood Cells,10.96,5,10,6.64,1054,46.67
Red Blood Cells,13.85,5,10,4.82,991,43.56
Red Blood Cells,13.94,5,10,2.24,403,70.38
Red Blood Cells,13.59,5,10,11.32,321,52.87
Red Blood Cells,11.87,5,10,6.62,577,57.88
Red Blood Cells,11.32,5,10,5.77,125,77.58
Red Blood Cells,4.51,5,10,9.7,772,64.77
Red Blood Cells,13.67,5,10,6.11,265,66.73
Red Blood Cells,4.79,5,10,6.75,834,66.62
Red Blood Cells,6.11,5,10,2.49,1245,60.27
Red Blood Cells,5.34,5,10,2.76,627,76.25
Red Blood Cells,11.93,5,10,3.25,559,65.37
Red Blood Cells,6.23,5,10,8.7,533,67.91
Red Blood Cells,4.37,5,10,10.91,554,68.13
Red Blood Cells,10.14,5,10,9.62,256,66.29
Red Blood Cells,10.42,5,10,8.1,2,78.21
Red Blood Cells,6.32,5,10,4.11,1276,57.0
Red Blood Cells,12.29,5,10,11.44,1060,36.36
Red Blood Cells,12.84,5,10,11.98,999,35.48
Red Blood Cells,4.65,5,10,3.81,1176,63.41
Red Blood Cells,8.17,5,10,4.27,1153,54.92
Red Blood Cells,11.7,5,10,10.12,998,41.07
Red Blood Cells,10.64,5,10,5.72,1081,48.23
Red Blood Cells,10.28,5,10,11.37,1084,41.43
Red Blood Cells,6.31,5,10,9.66,382,70.14
Red Blood Cells,12.59,5,10,2.88,453,69.04
Red Blood Cells,9.85,5,10,7.29,1257,44.14
Red Blood Cells,3.67,5,10,11.59,982,60.42
Red Blood Cells,8.76,5,10,8.92,507,62.89
Red Blood Cells,8.5,5,10,10.09,235,69.33
Red Blood Cells,3.55,5,10,3.44,253,87.22
Red Blood Cells,6.95,5,10,10.02,971,54.38
Red Blood Cells,10.8,5,10,6.83,32,79.53
Red Blood Cells,3.39,5,10,3.5,598,78.86
Red Blood Cells,13.46,5,10,8.57,1026,37.85
Red Blood Cells,10.07,5,10,3.08,878,59.35
Red Blood Cells,9.75,5,10,10.92,461,58.57
Red Blood Cells,12.44,5,10,3.36,164,80.73
Red Blood Cells,10.72,5,10,8.62,1290,39.39
Red Blood Cells,13.3,5,10,2.1,427,70.82
Red Blood Cells,10.57,5,10,3.19,914,56.94
Red Blood Cells,13.6,5,10,3.04,1255,39.99
Red Blood Cells,13.97,5,10,8.68,380,55.42
Red Blood Cells,8.94,5,10,5.26,1328,47.66
Red Blood Cells,5.82,5,10,8.8,1440,49.72
Red Blood Cells,3.63,5,10,7.48,612,72.78
Red Blood Cells,4.24,5,10,10.54,402,72.25
Red Blood Cells,5.48,5,10,5.07,746,69.54
Red Blood Cells,4.49,5,10,5.63,932,66.58
Red Blood Cells,11.67,5,10,5.34,1358,39.51
Red Blood Cells,4.99,5,10,11.04,247,73.87
Red Blood Cells,10.24,5,10,11.62,270,61.83
Red Blood Cells,10.69,5,10,5.86,264,72.86
Red Blood Cells,6.85,5,10,10.23,401,67.69
Red Blood Cells,11.66,5,10,4.78,1326,40.99
Red Blood Cells,4.95,5,10,2.85,481,80.54
Red Blood Cells,13.51,5,10,4.0,769,52.78
Red Blood Cells,12.81,5,10,11.94,1110,33.32
Red Blood Cells,9.38,5,10,2.82,832,62.71
Red Blood Cells,5.24,5,10,7.95,115,81.79
Red Blood Cells,7.71,5,10,6.39,620,66.23
Red Blood Cells,8.6,5,10,5.38,1262,49.85
Red Blood Cells,6.51,5,10,9.52,1035,54.78
Red Blood Cells,12.07,5,10,6.92,60,76.28
Red Blood Cells,7.34,5,10,3.96,949,62.26
Red Blood Cells,5.65,5,10,2.77,1407,57.61
Red Blood Cells,6.16,5,10,10.95,822,58.32
Red Blood Cells,6.21,5,10,8.49,612,66.34
Red Blood Cells,12.91,5,10,4.37,769,53.55
Red Blood Cells,9.01,5,10,10.49,704,54.65
Red Blood Cells,13.48,5,10,4.9,386,65.07
Red Blood Cells,8.72,5,10,9.23,327,67.66
Red Blood Cells,13.51,5,10,2.74,281,75.43
Red Blood Cells,10.01,5,10,7.82,472,63.12
Red Blood Cells,8.66,5,10,6.87,77,80.58
Red Blood Cells,6.19,5,10,11.85,765,58.3
Red Blood Cells,13.73,5,10,2.66,865,51.71
Red Blood Cells,3.02,5,10,10.36,84,81.75
Red Blood Cells,8.33,5,10,7.38,642,62.7
Red Blood Cells,4.17,5,10,7.25,668,70.84
Red Blood Cells,8.46,5,10,4.27,20,88.68
Red Blood Cells,12.42,5,10,3.68,931,51.01
Red Blood Cells,11.19,5,10,2.2,862,58.83
Red Blood Cells,10.36,5,10,11.25,814,47.37
Red Blood Cells,11.93,5,10,7.66,518,57.63
Red Blood Cells,4.99,5,10,10.85,830,61.05
Red Blood Cells,4.29,5,10,8.36,559,71.58
Red Blood Cells,7.09,5,10,6.32,90,83.22
Red Blood Cells,11.03,5,10,11.35,933,42.71
Red Blood Cells,12.6,5,10,11.34,1050,35.88
Red Blood Cells,8.61,5,10,7.82,1296,46.0
Red Blood Cells,10.11,5,10,5.97,774,57.27
Red Blood Cells,3.82,5,10,2.86,879,72.67
Red Blood Cells,10.71,5,10,7.89,614,57.12
Red Blood Cells,6.61,5,10,4.28,1392,53.66
Red Blood Cells,11.9,5,10,7.78,597,54.96
Red Blood Cells,6.83,5,10,10.84,529,63.57
Red Blood Cells,12.96,5,10,2.04,340,75.49
Red Blood Cells,7.97,5,10,7.32,1337,47.52
Red Blood Cells,8.78,5,10,3.99,1300,50.39
Red Blood Cells,8.44,5,10,7.7,274,72.65
Red Blood Cells,7.81,5,10,11.73,411,63.05
Red Blood Cells,4.78,5,10,9.06,1112,58.14
Red Blood Cells,4.24,5,10,9.7,1140,58.22
Red Blood Cells,4.69,5,10,6.24,30,87.67
Red Blood Cells,5.37,5,10,6.12,384,77.27
Red Blood Cells,10.58,5,10,8.01,369,64.83
Red Blood Cells,12.15,5,10,9.74,1067,38.81
Red Blood Cells,9.57,5,10,3.57,800,61.92
Red Blood Cells,7.12,5,10,8.04,929,57.46
Red Blood Cells,5.2,5,10,5.62,88,86.59
Red Blood Cells,10.44,5,10,4.36,384,72.18
Red Blood Cells,9.2,5,10,10.44,568,57.74
Red Blood Cells,6.09,5,10,8.78,92,79.89
Red Blood Cells,9.37,5,10,11.67,1297,39.45
Red Blood Cells,4.9,5,10,7.97,115,82.17
Red Blood Cells,11.09,5,10,6.35,474,63.57
Red Blood Cells,4.45,5,10,11.54,36,79.25
Red Blood Cells,4.33,5,10,4.83,165,86.59
Red Blood Cells,7.21,5,10,7.65,722,62.69
Red Blood Cells,8.08,5,10,8.51,764,58.36
Red Blood Cells,9.51,5,10,10.14,683,54.46
Red Blood Cells,8.15,5,10,5.37,905,59.39
Red Blood Cells,10.57,5,10,8.05,32,76.93
Red Blood Cells,8.25,5,10,3.78,597,70.29
Red Blood Cells,4.88,5,10,2.95,628,76.66
Red Blood Cells,10.31,5,10,8.14,1107,45.07
Red Blood Cells,13.43,5,10,2.29,177,82.06
Red Blood Cells,9.4,5,10,9.35,140,72.1
Red Blood Cells,13.22,5,10,3.32,1274,40.11
Red Blood Cells,10.93,5,10,4.95,700,59.33
Red Blood Cells,10.17,5,10,3.59,256,79.2
Red Blood Cells,5.56,5,10,7.71,867,62.96
Red Blood Cells,11.51,5,10,4.0,721,59.13
Red Blood Cells,6.11,5,10,7.42,1318,52.7
Red Blood Cells,8.64,5,10,6.79,783,59.18
Red Blood Cells,6.39,5,10,3.28,1374,55.82
Red Blood Cells,10.51,5,10,5.51,597,62.46
Red Blood Cells,13.87,5,10,9.08,759,42.85
Red Blood Cells,10.8,5,10,7.51,512,60.73
Red Blood Cells,7.37,5,10,11.08,838,54.81
Red Blood Cells,5.22,5,10,4.48,1029,64.4
Red Blood Cells,13.45,5,10,2.61,914,50.91
Red Blood Cells,11.92,5,10,3.64,1221,44.45
Red Blood Cells,12.37,5,10,8.11,100,71.06
Red Blood Cells,4.65,5,10,11.82,1182,54.16
Red Blood Cells,13.51,5,10,5.32,1323,35.34
Red Blood Cells,10.05,5,10,8.83,844,51.0
Red Blood Cells,10.27,5,10,3.74,322,76.17
Red Blood Cells,7.18,5,10,9.71,1040,52.73
Red Blood Cells,7.99,5,10,11.34,350,64.9
Red Blood Cells,11.51,5,10,4.66,1314,41.86
Red Blood Cells,12.49,5,10,2.46,1202,45.26
Red Blood Cells,11.92,5,10,8.64,1348,34.95
Red Blood Cells,3.03,5,10,11.06,1215,58.47
Red Blood Cells,11.87,5,10,8.02,932,45.24
Red Blood Cells,10.16,5,10,11.19,633,52.48
Red Blood Cells,3.91,5,10,3.37,1336,62.44
Red Blood Cells,8.54,5,10,4.09,1299,50.9
Red Blood Cells,11.15,5,10,8.55,943,46.08
Red Blood Cells,13.29,5,10,7.72,1084,38.12
Red Blood Cells,11.83,5,10,2.59,1132,48.64
Red Blood Cells,7.18,5,10,9.53,623,62.44
Red Blood Cells,9.62,5,10,2.73,411,76.12
Red Blood Cells,13.9,5,10,9.13,1164,32.79
Red Blood Cells,12.06,5,10,4.96,891,50.83
Red Blood Cells,6.06,5,10,7.58,614,67.93
Red Blood Cells,4.65,5,10,5.75,1277,59.09
Red Blood Cells,7.81,5,10,8.53,5,80.75
Red Blood Cells,5.19,5,10,8.21,767,65.3
Red Blood Cells,6.14,5,10,8.89,812,61.28
Red Blood Cells,13.86,5,10,11.75,1143,30.08
Red Blood Cells,9.68,5,10,8.33,1159,45.35
Red Blood Cells,8.86,5,10,9.62,1240,44.29
Red Blood Cells,5.9,5,10,7.09,542,70.76
Red Blood Cells,5.23,5,10,3.19,448,80.5
Red Blood Cells,12.51,5,10,11.43,1127,34.41
Red Blood Cells,10.19,5,10,10.27,753,50.74
Red Blood Cells,11.4,5,10,5.0,776,55.79
Red Blood Cells,12.85,5,10,5.53,341,66.65
Red Blood Cells,6.4,5,10,4.96,172,84.0
Red Blood Cells,7.63,5,10,7.46,1197,51.12
Red Blood Cells,4.41,5,10,9.7,1291,55.08
Red Blood Cells,4.41,5,10,11.03,1190,55.44
Red Blood Cells,13.78,5,10,7.98,998,38.51
Red Blood Cells,3.19,5,10,5.12,1152,65.55
Red Blood Cells,13.42,5,10,9.68,388,54.36
Red Blood Cells,5.91,5,10,9.42,829,60.75
Red Blood Cells,6.62,5,10,11.32,457,65.1
Red Blood Cells,8.85,5,10,3.95,93,86.27
Red Blood Cells,10.2,5,10,8.68,817,51.51
Red Blood Cells,9.32,5,10,8.26,1021,49.46
Red Blood Cells,3.97,5,10,10.19,628,68.31
Red Blood Cells,7.54,5,10,4.83,1168,55.38
Red Blood Cells,7.41,5,10,4.87,1040,58.6
Red Blood Cells,8.93,5,10,9.66,995,49.18
Red Blood Cells,10.22,5,10,7.82,1127,45.26
Red Blood Cells,10.69,5,10,5.18,285,73.62
Red Blood Cells,8.67,5,10,8.37,1304,45.02
Red Blood Cells,5.49,5,10,11.3,957,56.77
Red Blood Cells,7.11,5,10,5.18,1065,58.3
Red Blood Cells,7.03,5,10,7.11,207,78.1
Red Blood Cells,8.96,5,10,6.7,441,68.35
Red Blood Cells,9.54,5,10,5.62,1077,51.33
Red Blood Cells,11.12,5,10,5.11,1266,43.39
Red Blood Cells,6.95,5,10,5.46,1185,55.65
Red Blood Cells,11.38,5,10,8.63,34,74.18
Red Blood Cells,6.15,5,10,5.76,501,73.46
Red Blood Cells,8.02,5,10,7.55,464,68.01
Red Blood Cells,5.46,5,10,9.04,162,78.39
Red Blood Cells,4.86,5,10,10.18,413,71.35
Red Blood Cells,12.55,5,10,7.91,522,55.54
Red Blood Cells,7.62,5,10,6.04,479,70.96
Red Blood Cells,5.25,5,10,2.8,511,79.39
Red Blood Cells,11.58,5,10,6.36,237,71.18
Red Blood Cells,3.93,5,10,4.87,315,83.01
Red Blood Cells,6.85,5,10,11.25,1307,46.66
Red Blood Cells,11.14,5,10,11.98,675,47.65
Red Blood Cells,12.61,5,10,8.9,1195,35.87
Red Blood Cells,10.86,5,10,9.8,538,55.63
Red Blood Cells,6.93,5,10,11.62,1207,47.87
Red Blood Cells,11.02,5,10,6.49,437,64.69
Red Blood Cells,4.94,5,10,5.6,204,83.6
Red Blood Cells,6.56,5,10,2.11,462,80.15
Red Blood Cells,7.91,5,10,7.84,920,56.0
Red Blood Cells,8.99,5,10,9.31,143,72.8
Red Blood Cells,8.98,5,10,5.28,999,55.15
Red Blood Cells,12.49,5,10,11.21,873,40.34
Red Blood Cells,11.12,5,10,6.68,574,59.61
Red Blood Cells,7.57,5,10,2.94,676,70.72
Red Blood Cells,3.93,5,10,7.83,109,83.74
Red Blood Cells,4.22,5,10,4.9,547,76.81
Red Blood Cells,9.8,5,10,8.02,751,55.28
Red Blood Cells,9.02,5,10,2.86,778,65.01
Red Blood Cells,5.35,5,10,9.15,215,76.98
Red Blood Cells,8.4,5,10,4.22,1262,51.91
Red Blood Cells,9.82,5,10,5.54,1026,51.97
Red Blood Cells,4.03,5,10,11.57,592,67.2
Red Blood Cells,10.99,5,10,3.61,405,72.12
Red Blood Cells,7.92,5,10,7.22,142,78.66
Red Blood Cells,5.84,5,10,8.78,1140,55.27
Red Blood Cells,11.2,5,10,6.66,327,67.83
Red Blood Cells,5.87,5,10,9.28,1427,49.3
Red Blood Cells,9.32,5,10,8.31,972,50.54
Red Blood Cells,11.77,5,10,5.22,79,80.36
Red Blood Cells,11.91,5,10,7.5,192,69.67
Red Blood Cells,4.55,5,10,10.76,1396,51.84
Red Blood Cells,13.2,5,10,5.66,406,63.03
Red Blood Cells,3.71,5,10,9.52,1057,61.22
Red Blood Cells,6.6,5,10,9.12,419,69.45
Red Blood Cells,6.31,5,10,3.13,1065,63.0
Red Blood Cells,9.29,5,10,9.48,1300,42.11
Red Blood Cells,13.34,5,10,11.85,602,43.99
Red Blood Cells,3.65,5,10,10.2,880,63.91
Red Blood Cells,9.45,5,10,6.49,737,58.99
Red Blood Cells,3.97,5,10,9.35,1118,59.66
Red Blood Cells,13.63,5,10,3.57,1216,40.1
Red Blood Cells,4.59,5,10,5.44,1344,58.31
Red Blood Cells,3.95,5,10,7.64,802,67.91
Red Blood Cells,11.61,5,10,2.11,540,69.28
Plasma & Cryo,-19.82,-18,-18,4.27,863,72.98
Plasma & Cryo,-14.8,-18,-18,4.55,922,58.67
Plasma & Cryo,-14.7,-18,-18,11.32,931,48.44
Plasma & Cryo,-17.71,-18,-18,4.06,731,71.62
Plasma & Cryo,-14.26,-18,-18,2.87,1035,56.8
Plasma & Cryo,-14.49,-18,-18,6.17,1301,46.45
Plasma & Cryo,-18.04,-18,-18,4.29,836,69.54
Plasma & Cryo,-16.13,-18,-18,2.69,314,82.86
Plasma & Cryo,-16.9,-18,-18,11.67,271,69.9
Plasma & Cryo,-16.3,-18,-18,11.89,1366,44.48
Plasma & Cryo,-18.41,-18,-18,10.11,1212,55.78
Plasma & Cryo,-14.82,-18,-18,9.59,716,56.25
Plasma & Cryo,-19.77,-18,-18,9.95,856,66.31
Plasma & Cryo,-19.24,-18,-18,11.07,579,69.13
Plasma & Cryo,-17.35,-18,-18,9.61,532,67.54
Plasma & Cryo,-14.78,-18,-18,8.96,441,64.56
Plasma & Cryo,-16.89,-18,-18,10.51,861,57.67
Plasma & Cryo,-19.31,-18,-18,10.59,70,81.21
Plasma & Cryo,-18.4,-18,-18,2.45,777,74.32
Plasma & Cryo,-17.8,-18,-18,9.07,1363,52.34
Plasma & Cryo,-19.67,-18,-18,3.41,1256,65.92
Plasma & Cryo,-15.7,-18,-18,9.79,1020,51.63
Plasma & Cryo,-15.55,-18,-18,6.57,950,57.09
Plasma & Cryo,-19.16,-18,-18,4.13,250,86.15
Plasma & Cryo,-16.91,-18,-18,7.42,266,76.94
Plasma & Cryo,-18.76,-18,-18,8.83,129,81.49
Plasma & Cryo,-16.48,-18,-18,6.91,845,61.7
Plasma & Cryo,-18.67,-18,-18,2.32,1427,61.21
Plasma & Cryo,-18.06,-18,-18,10.45,206,75.87
Plasma & Cryo,-16.75,-18,-18,11.11,356,68.21
Plasma & Cryo,-18.84,-18,-18,9.58,734,66.79
Plasma & Cryo,-14.21,-18,-18,5.47,535,66.61
Plasma & Cryo,-16.9,-18,-18,8.44,435,70.66
Plasma & Cryo,-17.27,-18,-18,4.9,853,66.44
Plasma & Cryo,-17.35,-18,-18,9.82,415,70.09
Plasma & Cryo,-19.04,-18,-18,10.93,363,73.48
Plasma & Cryo,-17.31,-18,-18,6.16,227,80.91
Plasma & Cryo,-19.99,-18,-18,8.53,135,83.6
Plasma & Cryo,-14.16,-18,-18,11.31,795,49.83
Plasma & Cryo,-16.46,-18,-18,4.19,776,67.41
Plasma & Cryo,-18.71,-18,-18,8.62,541,71.87
Plasma & Cryo,-18.06,-18,-18,6.72,911,64.68
Plasma & Cryo,-19.6,-18,-18,6.31,852,70.22
Plasma & Cryo,-18.17,-18,-18,6.43,133,84.34
Plasma & Cryo,-14.03,-18,-18,2.69,1239,51.2
Plasma & Cryo,-19.1,-18,-18,2.55,128,91.89
Plasma & Cryo,-18.39,-18,-18,7.35,937,64.2
Plasma & Cryo,-19.7,-18,-18,8.41,451,76.19
Plasma & Cryo,-15.01,-18,-18,5.0,542,69.17
Plasma & Cryo,-17.4,-18,-18,3.05,1075,64.2
Plasma & Cryo,-18.13,-18,-18,9.05,1048,59.22
Plasma & Cryo,-17.87,-18,-18,11.44,13,78.99
Plasma & Cryo,-15.48,-18,-18,5.86,49,84.54
Plasma & Cryo,-16.11,-18,-18,7.27,753,62.42
Plasma & Cryo,-16.2,-18,-18,8.77,1266,49.41
Plasma & Cryo,-15.35,-18,-18,3.57,1339,51.69
Plasma & Cryo,-15.44,-18,-18,5.05,1072,56.04
Plasma & Cryo,-19.47,-18,-18,4.48,925,70.66
Plasma & Cryo,-17.24,-18,-18,9.3,1362,50.34
Plasma & Cryo,-17.9,-18,-18,3.0,1122,64.54
Plasma & Cryo,-14.58,-18,-18,4.38,7,88.45
Plasma & Cryo,-16.09,-18,-18,5.41,1389,50.64
Plasma & Cryo,-17.4,-18,-18,10.71,992,56.21
Plasma & Cryo,-19.82,-18,-18,11.1,941,63.62
Plasma & Cryo,-18.58,-18,-18,8.85,659,68.66
Plasma & Cryo,-18.97,-18,-18,10.46,1008,60.76
Plasma & Cryo,-19.32,-18,-18,9.06,818,66.93
Plasma & Cryo,-16.85,-18,-18,8.17,1253,52.42
Plasma & Cryo,-16.75,-18,-18,2.37,582,76.27
Plasma & Cryo,-16.86,-18,-18,3.93,717,70.27
Plasma & Cryo,-16.05,-18,-18,4.52,216,82.34
Plasma & Cryo,-15.05,-18,-18,10.84,1107,46.45
Plasma & Cryo,-16.46,-18,-18,6.23,220,79.62
Plasma & Cryo,-17.28,-18,-18,11.82,6,77.51
Plasma & Cryo,-15.85,-18,-18,3.33,993,61.62
Plasma & Cryo,-14.32,-18,-18,3.59,418,74.45
Plasma & Cryo,-19.14,-18,-18,2.03,1426,62.88
Plasma & Cryo,-17.91,-18,-18,11.42,911,58.49
Plasma & Cryo,-19.45,-18,-18,10.67,902,63.8
Plasma & Cryo,-15.25,-18,-18,6.31,749,61.69
Plasma & Cryo,-14.59,-18,-18,4.45,195,81.04
Plasma & Cryo,-14.53,-18,-18,8.42,1382,42.18
Plasma & Cryo,-17.26,-18,-18,4.26,1215,59.18
Plasma & Cryo,-16.74,-18,-18,11.91,175,71.66
Plasma & Cryo,-14.67,-18,-18,6.43,478,67.7
Plasma & Cryo,-19.42,-18,-18,10.16,560,71.07
Plasma & Cryo,-14.74,-18,-18,5.32,338,74.46
Plasma & Cryo,-16.56,-18,-18,4.13,739,68.69
Plasma & Cryo,-19.37,-18,-18,3.05,530,81.12
Plasma & Cryo,-14.95,-18,-18,8.16,1356,44.37
Plasma & Cryo,-14.16,-18,-18,6.83,1361,43.3
Plasma & Cryo,-14.34,-18,-18,5.66,650,63.1
Plasma & Cryo,-18.35,-18,-18,3.94,846,70.53
Plasma & Cryo,-14.52,-18,-18,6.12,779,59.19
Plasma & Cryo,-18.11,-18,-18,5.49,446,77.43
Plasma & Cryo,-14.66,-18,-18,2.56,236,83.86
Plasma & Cryo,-14.1,-18,-18,11.51,875,47.5
Plasma & Cryo,-19.37,-18,-18,10.04,1283,57.51
Plasma & Cryo,-17.0,-18,-18,8.18,425,71.55
Plasma & Cryo,-17.99,-18,-18,9.75,129,78.79
Plasma & Cryo,-17.89,-18,-18,3.18,397,82.04
Plasma & Cryo,-15.78,-18,-18,5.54,916,60.05
Plasma & Cryo,-19.89,-18,-18,4.41,632,77.83
Plasma & Cryo,-18.4,-18,-18,10.7,1272,54.08
Plasma & Cryo,-14.03,-18,-18,6.06,685,60.55
Plasma & Cryo,-17.91,-18,-18,6.12,870,65.98
Plasma & Cryo,-17.27,-18,-18,11.8,1329,48.39
Plasma & Cryo,-18.82,-18,-18,8.2,401,75.9
Plasma & Cryo,-15.62,-18,-18,7.37,746,61.1
Plasma & Cryo,-19.65,-18,-18,9.46,1096,62.15
Plasma & Cryo,-14.91,-18,-18,2.97,591,71.19
Plasma & Cryo,-17.91,-18,-18,6.7,810,66.54
Plasma & Cryo,-18.41,-18,-18,3.46,42,92.31
Plasma & Cryo,-19.38,-18,-18,7.58,378,78.34
Plasma & Cryo,-19.05,-18,-18,9.22,758,67.27
Plasma & Cryo,-14.01,-18,-18,8.88,1284,41.88
Plasma & Cryo,-19.72,-18,-18,4.11,1167,66.92
Plasma & Cryo,-17.94,-18,-18,7.44,346,76.68
Plasma & Cryo,-16.58,-18,-18,3.64,456,77.4
Plasma & Cryo,-19.09,-18,-18,4.93,1429,59.46
Plasma & Cryo,-14.84,-18,-18,3.97,1394,48.4
Plasma & Cryo,-14.41,-18,-18,10.28,342,64.19
Plasma & Cryo,-19.45,-18,-18,3.89,740,75.31
Plasma & Cryo,-16.35,-18,-18,2.64,1266,57.56
Plasma & Cryo,-17.85,-18,-18,4.92,1435,55.71
Plasma & Cryo,-19.47,-18,-18,11.07,1145,59.09
Plasma & Cryo,-17.59,-18,-18,8.23,999,59.64
Plasma & Cryo,-19.21,-18,-18,5.98,473,78.04
Plasma & Cryo,-17.15,-18,-18,4.98,75,87.4
Plasma & Cryo,-14.28,-18,-18,8.41,369,66.45
Plasma & Cryo,-16.12,-18,-18,8.73,780,59.68
Plasma & Cryo,-16.67,-18,-18,4.23,520,74.71
Plasma & Cryo,-15.16,-18,-18,5.2,167,81.31
Plasma & Cryo,-16.12,-18,-18,5.83,1202,54.09
Plasma & Cryo,-18.32,-18,-18,9.35,882,62.7
Plasma & Cryo,-19.86,-18,-18,11.16,474,72.57
Plasma & Cryo,-19.69,-18,-18,10.02,662,69.77
Plasma & Cryo,-16.13,-18,-18,4.23,462,75.35
Plasma & Cryo,-16.25,-18,-18,3.64,396,78.63
Plasma & Cryo,-17.29,-18,-18,5.7,11,88.19
Plasma & Cryo,-18.28,-18,-18,9.02,783,65.05
Plasma & Cryo,-16.47,-18,-18,3.07,1206,58.68
Plasma & Cryo,-16.27,-18,-18,4.04,1411,52.42
Plasma & Cryo,-17.92,-18,-18,9.57,1206,54.99
Plasma & Cryo,-15.4,-18,-18,3.87,993,59.56
Plasma & Cryo,-18.65,-18,-18,10.89,13,81.12
Plasma & Cryo,-18.46,-18,-18,11.01,790,62.92
Plasma & Cryo,-16.37,-18,-18,4.41,1301,54.54
Plasma & Cryo,-17.24,-18,-18,3.71,636,73.57
Plasma & Cryo,-15.34,-18,-18,8.26,1106,50.63
Plasma & Cryo,-19.07,-18,-18,9.56,193,79.35
Plasma & Cryo,-18.91,-18,-18,9.16,645,69.35
Plasma & Cryo,-15.79,-18,-18,3.31,889,64.16
Plasma & Cryo,-15.84,-18,-18,3.76,1298,53.85
Plasma & Cryo,-18.12,-18,-18,11.45,309,72.02
Plasma & Cryo,-19.15,-18,-18,4.36,1437,60.12
Plasma & Cryo,-15.45,-18,-18,6.8,1100,53.02
Plasma & Cryo,-18.36,-18,-18,8.37,754,66.7
Plasma & Cryo,-17.15,-18,-18,4.86,1339,55.57
Plasma & Cryo,-15.71,-18,-18,6.2,1331,49.65
Plasma & Cryo,-19.93,-18,-18,7.93,498,76.24
Plasma & Cryo,-18.5,-18,-18,11.08,1346,52.72
Plasma & Cryo,-16.79,-18,-18,2.57,689,73.04
Plasma & Cryo,-15.3,-18,-18,8.4,1105,50.34
Plasma & Cryo,-17.79,-18,-18,10.26,742,63.04
Plasma & Cryo,-16.41,-18,-18,4.63,998,61.14
Plasma & Cryo,-15.92,-18,-18,9.48,1088,51.26
Plasma & Cryo,-16.96,-18,-18,5.23,518,73.7
Plasma & Cryo,-14.41,-18,-18,11.31,542,56.88
Plasma & Cryo,-15.37,-18,-18,4.07,109,86.1
Plasma & Cryo,-18.65,-18,-18,2.72,150,90.64
Plasma & Cryo,-16.21,-18,-18,4.86,1130,57.22
Plasma & Cryo,-17.18,-18,-18,10.28,884,58.32
Plasma & Cryo,-17.01,-18,-18,10.83,243,72.18
Plasma & Cryo,-14.39,-18,-18,4.44,644,65.59
Plasma & Cryo,-14.39,-18,-18,5.04,33,85.61
Plasma & Cryo,-15.8,-18,-18,11.94,1427,41.73
Plasma & Cryo,-16.94,-18,-18,7.5,337,74.9
Plasma & Cryo,-14.87,-18,-18,8.19,1077,49.88
Plasma & Cryo,-18.46,-18,-18,7.61,815,66.63
Plasma & Cryo,-16.3,-18,-18,4.92,425,75.53
Plasma & Cryo,-14.58,-18,-18,5.69,583,65.64
Plasma & Cryo,-19.57,-18,-18,2.85,630,79.4
Plasma & Cryo,-19.15,-18,-18,2.92,538,80.77
Plasma & Cryo,-17.66,-18,-18,4.69,664,72.24
Plasma & Cryo,-15.96,-18,-18,4.95,1080,57.49
Plasma & Cryo,-18.41,-18,-18,7.92,570,71.51
Plasma & Cryo,-17.69,-18,-18,2.68,460,80.81
Plasma & Cryo,-17.68,-18,-18,9.84,1145,55.09
Plasma & Cryo,-15.22,-18,-18,4.37,1215,52.99
Plasma & Cryo,-17.81,-18,-18,4.0,758,71.28
Plasma & Cryo,-14.46,-18,-18,10.94,341,63.2
Plasma & Cryo,-18.88,-18,-18,3.36,243,87.24
Plasma & Cryo,-19.62,-18,-18,3.52,417,83.51
Plasma & Cryo,-17.54,-18,-18,3.42,47,91.6
Plasma & Cryo,-16.39,-18,-18,2.81,179,87.44
Plasma & Cryo,-16.02,-18,-18,5.58,460,72.79
Plasma & Cryo,-18.63,-18,-18,10.35,1012,59.84
Plasma & Cryo,-19.4,-18,-18,9.47,1221,59.22
Plasma & Cryo,-18.38,-18,-18,7.05,516,73.92
Plasma & Cryo,-17.58,-18,-18,10.54,820,60.46
Plasma & Cryo,-16.0,-18,-18,7.02,1132,53.69
Plasma & Cryo,-19.41,-18,-18,9.16,1399,56.56
Plasma & Cryo,-14.09,-18,-18,9.89,77,72.7
Plasma & Cryo,-16.69,-18,-18,6.24,212,80.21
Plasma & Cryo,-18.37,-18,-18,2.27,361,85.21
Plasma & Cryo,-19.17,-18,-18,6.0,764,71.45
Plasma & Cryo,-14.34,-18,-18,4.83,647,64.67
Plasma & Cryo,-18.09,-18,-18,3.96,901,68.64
Plasma & Cryo,-15.2,-18,-18,3.95,151,84.62
Plasma & Cryo,-16.42,-18,-18,6.99,936,59.32
Plasma & Cryo,-15.07,-18,-18,8.18,1356,44.73
Plasma & Cryo,-16.69,-18,-18,11.6,334,67.9
Plasma & Cryo,-16.51,-18,-18,8.71,1106,53.65
Plasma & Cryo,-17.26,-18,-18,8.76,1024,57.52
Plasma & Cryo,-19.33,-18,-18,11.64,414,72.04
Plasma & Cryo,-19.61,-18,-18,10.52,249,77.67
Plasma & Cryo,-14.26,-18,-18,8.76,855,52.36
Plasma & Cryo,-17.04,-18,-18,7.8,1137,55.73
Plasma & Cryo,-15.58,-18,-18,3.48,331,79.89
Plasma & Cryo,-14.6,-18,-18,3.22,2,91.51
Plasma & Cryo,-16.42,-18,-18,11.18,1091,50.73
Plasma & Cryo,-14.16,-18,-18,7.29,1175,46.66
Plasma & Cryo,-18.9,-18,-18,9.27,1129,59.65
Plasma & Cryo,-17.74,-18,-18,5.94,1204,58.71
Plasma & Cryo,-17.68,-18,-18,5.09,226,83.32
Plasma & Cryo,-14.19,-18,-18,6.12,197,76.65
Plasma & Cryo,-18.02,-18,-18,9.02,1035,59.2
Plasma & Cryo,-17.1,-18,-18,11.59,1252,49.41
Plasma & Cryo,-15.34,-18,-18,8.42,103,77.22
Plasma & Cryo,-15.8,-18,-18,4.86,479,73.04
Plasma & Cryo,-18.1,-18,-18,4.3,577,75.89
Plasma & Cryo,-17.03,-18,-18,10.78,505,65.71
Plasma & Cryo,-18.39,-18,-18,9.4,231,77.45
Plasma & Cryo,-18.05,-18,-18,3.01,980,68.03
Plasma & Cryo,-15.89,-18,-18,6.49,896,59.46
Plasma & Cryo,-14.21,-18,-18,10.23,589,56.79
Plasma & Cryo,-18.5,-18,-18,10.93,797,62.98
Plasma & Cryo,-18.73,-18,-18,8.58,778,66.85
Plasma & Cryo,-16.38,-18,-18,8.33,933,57.46
Plasma & Cryo,-15.41,-18,-18,9.3,1424,43.29
Plasma & Cryo,-14.9,-18,-18,5.8,186,78.97
Plasma & Cryo,-16.88,-18,-18,5.42,360,77.64
Plasma & Cryo,-18.25,-18,-18,6.38,153,83.98
Plasma & Cryo,-18.19,-18,-18,10.44,548,68.07
Plasma & Cryo,-16.05,-18,-18,8.6,957,55.59
Plasma & Cryo,-19.02,-18,-18,6.87,809,69.04
Plasma & Cryo,-16.73,-18,-18,7.76,109,80.63
Plasma & Cryo,-15.58,-18,-18,3.06,902,63.67
Plasma & Cryo,-17.88,-18,-18,6.62,1396,54.64
Plasma & Cryo,-16.55,-18,-18,6.27,325,76.57
Plasma & Cryo,-15.55,-18,-18,10.6,935,51.93
Plasma & Cryo,-15.66,-18,-18,5.92,1236,51.85
Plasma & Cryo,-15.84,-18,-18,4.94,867,62.34
Plasma & Cryo,-16.66,-18,-18,9.88,1135,52.12
Plasma & Cryo,-17.94,-18,-18,3.62,1312,59.9
Plasma & Cryo,-15.2,-18,-18,4.23,1055,56.91
Plasma & Cryo,-15.02,-18,-18,5.6,239,77.76
Plasma & Cryo,-15.48,-18,-18,9.14,939,53.57
Plasma & Cryo,-15.6,-18,-18,7.67,716,61.36
Plasma & Cryo,-14.36,-18,-18,11.33,684,53.09
Plasma & Cryo,-19.42,-18,-18,11.47,653,67.58
Plasma & Cryo,-19.47,-18,-18,3.3,644,78.28
Plasma & Cryo,-20.0,-18,-18,6.81,911,69.41
Plasma & Cryo,-15.85,-18,-18,5.97,758,63.56
Plasma & Cryo,-17.53,-18,-18,9.98,522,67.71
Plasma & Cryo,-14.78,-18,-18,6.37,987,54.22
Plasma & Cryo,-15.43,-18,-18,8.22,310,71.27
Plasma & Cryo,-19.2,-18,-18,10.7,65,81.0
Plasma & Cryo,-19.45,-18,-18,9.82,189,79.72
Plasma & Cryo,-14.34,-18,-18,4.35,369,74.59
Plasma & Cryo,-17.85,-18,-18,10.63,855,60.37
Plasma & Cryo,-18.59,-18,-18,5.35,779,70.67
Plasma & Cryo,-20.0,-18,-18,6.16,483,78.98
Plasma & Cryo,-18.19,-18,-18,7.27,270,79.34
Plasma & Cryo,-19.41,-18,-18,7.45,471,76.45
Plasma & Cryo,-14.97,-18,-18,5.16,603,66.94
Plasma & Cryo,-14.15,-18,-18,7.23,769,56.59
Plasma & Cryo,-18.94,-18,-18,3.28,673,76.67
Plasma & Cryo,-15.59,-18,-18,2.32,304,83.19
Plasma & Cryo,-14.36,-18,-18,3.41,655,67.1
Plasma & Cryo,-15.63,-18,-18,11.24,830,53.64
Plasma & Cryo,-15.65,-18,-18,7.97,1056,53.03
Plasma & Cryo,-17.38,-18,-18,11.92,221,71.85
Plasma & Cryo,-14.69,-18,-18,5.69,656,63.8
Plasma & Cryo,-16.73,-18,-18,6.01,346,76.76
Plasma & Cryo,-15.62,-18,-18,3.95,1074,58.08
Plasma & Cryo,-18.06,-18,-18,6.77,1059,61.52
Plasma & Cryo,-14.98,-18,-18,7.78,1316,45.71
Plasma & Cryo,-15.16,-18,-18,5.3,416,72.83
Plasma & Cryo,-18.91,-18,-18,5.51,203,84.92
Plasma & Cryo,-18.37,-18,-18,7.04,864,66.06
Plasma & Cryo,-14.67,-18,-18,7.53,1108,49.45
Plasma & Cryo,-16.78,-18,-18,10.42,575,63.92
Plasma & Cryo,-17.75,-18,-18,5.74,1030,62.56
Plasma & Cryo,-14.88,-18,-18,5.8,60,83.46
Plasma & Cryo,-16.05,-18,-18,10.32,766,57.58
Plasma & Cryo,-17.91,-18,-18,8.52,734,65.8
Plasma & Cryo,-18.75,-18,-18,4.69,277,84.06
Plasma & Cryo,-16.4,-18,-18,3.64,1171,58.5
"Skin, Bones, Valves",-37.16,-40,-40,5.36,213,78.42
"Skin, Bones, Valves",-37.53,-40,-40,7.96,141,76.32
"Skin, Bones, Valves",-39.74,-40,-40,6.5,1342,55.2
"Skin, Bones, Valves",-41.78,-40,-40,5.72,334,83.1
"Skin, Bones, Valves",-36.12,-40,-40,4.66,825,57.03
"Skin, Bones, Valves",-38.58,-40,-40,9.73,1404,46.07
"Skin, Bones, Valves",-39.82,-40,-40,10.95,189,75.0
"Skin, Bones, Valves",-41.25,-40,-40,9.29,956,64.46
"Skin, Bones, Valves",-37.92,-40,-40,10.66,1089,48.49
"Skin, Bones, Valves",-36.96,-40,-40,4.28,410,73.36
"Skin, Bones, Valves",-37.94,-40,-40,2.61,16,93.05
"Skin, Bones, Valves",-36.14,-40,-40,5.35,399,69.41
"Skin, Bones, Valves",-36.36,-40,-40,8.86,27,75.8
"Skin, Bones, Valves",-36.53,-40,-40,2.21,468,74.66
"Skin, Bones, Valves",-39.97,-40,-40,10.02,1028,57.99
"Skin, Bones, Valves",-36.11,-40,-40,4.82,365,71.66
"Skin, Bones, Valves",-38.24,-40,-40,5.5,780,63.86
"Skin, Bones, Valves",-36.19,-40,-40,5.24,535,65.15
"Skin, Bones, Valves",-36.32,-40,-40,11.3,430,57.6
"Skin, Bones, Valves",-37.79,-40,-40,9.32,246,71.05
"Skin, Bones, Valves",-36.41,-40,-40,5.86,566,63.62
"Skin, Bones, Valves",-37.19,-40,-40,9.54,1376,41.37
"Skin, Bones, Valves",-39.41,-40,-40,3.31,1319,58.3
"Skin, Bones, Valves",-41.56,-40,-40,3.12,622,79.72
"Skin, Bones, Valves",-39.1,-40,-40,5.39,1343,54.16
"Skin, Bones, Valves",-39.28,-40,-40,2.13,670,74.99
"Skin, Bones, Valves",-37.2,-40,-40,7.72,700,59.08
"Skin, Bones, Valves",-37.63,-40,-40,5.63,731,63.0
"Skin, Bones, Valves",-38.74,-40,-40,11.14,1198,48.95
"Skin, Bones, Valves",-41.11,-40,-40,7.19,77,86.08
"Skin, Bones, Valves",-39.38,-40,-40,5.26,187,83.58
"Skin, Bones, Valves",-40.4,-40,-40,4.72,59,89.66
"Skin, Bones, Valves",-40.81,-40,-40,6.17,57,87.8
"Skin, Bones, Valves",-40.6,-40,-40,10.31,979,60.76
"Skin, Bones, Valves",-41.41,-40,-40,10.95,700,67.94
"Skin, Bones, Valves",-38.14,-40,-40,11.48,261,67.82
"Skin, Bones, Valves",-38.99,-40,-40,4.56,100,87.0
"Skin, Bones, Valves",-39.89,-40,-40,8.83,565,69.13
"Skin, Bones, Valves",-37.76,-40,-40,9.65,196,71.87
"Skin, Bones, Valves",-40.47,-40,-40,10.36,125,78.95
"Skin, Bones, Valves",-36.88,-40,-40,7.19,589,61.98
"Skin, Bones, Valves",-38.23,-40,-40,3.13,114,88.49
"Skin, Bones, Valves",-37.13,-40,-40,7.79,920,53.12
"Skin, Bones, Valves",-38.74,-40,-40,3.21,810,68.1
"Skin, Bones, Valves",-37.37,-40,-40,8.81,604,60.44
"Skin, Bones, Valves",-40.0,-40,-40,3.87,447,79.73
"Skin, Bones, Valves",-41.44,-40,-40,3.9,1074,68.97
"Skin, Bones, Valves",-37.22,-40,-40,7.73,1421,42.67
"Skin, Bones, Valves",-36.97,-40,-40,9.05,673,56.85
"Skin, Bones, Valves",-38.89,-40,-40,10.32,1301,48.53
"Skin, Bones, Valves",-38.33,-40,-40,11.33,589,60.16
"Skin, Bones, Valves",-40.25,-40,-40,11.91,1354,51.13
"Skin, Bones, Valves",-37.69,-40,-40,5.79,742,62.65
"Skin, Bones, Valves",-36.93,-40,-40,4.45,280,77.5
"Skin, Bones, Valves",-40.63,-40,-40,2.5,826,73.82
"Skin, Bones, Valves",-39.81,-40,-40,4.12,29,91.04
"Skin, Bones, Valves",-41.49,-40,-40,9.78,219,79.65
"Skin, Bones, Valves",-37.63,-40,-40,3.3,1260,53.27
"Skin, Bones, Valves",-41.31,-40,-40,6.52,76,87.4
"Skin, Bones, Valves",-38.86,-40,-40,7.04,1228,53.59
"Skin, Bones, Valves",-39.86,-40,-40,4.93,1236,59.54
"Skin, Bones, Valves",-38.67,-40,-40,3.9,759,68.17
"Skin, Bones, Valves",-39.3,-40,-40,2.37,297,85.36
"Skin, Bones, Valves",-37.88,-40,-40,3.87,1074,57.76
"Skin, Bones, Valves",-38.69,-40,-40,4.27,552,73.27
"Skin, Bones, Valves",-36.3,-40,-40,7.14,515,62.48
"Skin, Bones, Valves",-38.02,-40,-40,3.17,674,69.9
"Skin, Bones, Valves",-39.03,-40,-40,6.34,226,79.86
"Skin, Bones, Valves",-40.94,-40,-40,9.58,407,74.46
"Skin, Bones, Valves",-41.72,-40,-40,9.03,177,82.04
"Skin, Bones, Valves",-41.39,-40,-40,5.38,1320,62.55
"Skin, Bones, Valves",-38.96,-40,-40,7.22,941,59.83
"Skin, Bones, Valves",-39.57,-40,-40,9.47,911,59.62
"Skin, Bones, Valves",-37.18,-40,-40,2.91,1361,49.84
"Skin, Bones, Valves",-36.36,-40,-40,10.03,187,67.66
"Skin, Bones, Valves",-36.12,-40,-40,3.58,183,81.69
"Skin, Bones, Valves",-40.16,-40,-40,6.2,1224,59.3
"Skin, Bones, Valves",-36.01,-40,-40,6.84,1136,45.15
"Skin, Bones, Valves",-39.97,-40,-40,11.01,1237,53.01
"Skin, Bones, Valves",-37.97,-40,-40,3.43,454,75.98
"Skin, Bones, Valves",-41.09,-40,-40,2.23,222,90.02
"Skin, Bones, Valves",-41.85,-40,-40,7.0,1128,65.73
"Skin, Bones, Valves",-40.89,-40,-40,9.53,658,68.98
"Skin, Bones, Valves",-40.38,-40,-40,10.68,920,60.71
"Skin, Bones, Valves",-41.5,-40,-40,8.6,405,77.12
"Skin, Bones, Valves",-38.75,-40,-40,7.89,138,79.16
"Skin, Bones, Valves",-40.47,-40,-40,2.74,332,85.46
"Skin, Bones, Valves",-36.61,-40,-40,10.44,668,53.56
"Skin, Bones, Valves",-38.77,-40,-40,6.08,679,67.15
"Skin, Bones, Valves",-39.23,-40,-40,3.68,1312,57.34
"Skin, Bones, Valves",-37.4,-40,-40,2.64,497,74.78
"Skin, Bones, Valves",-40.41,-40,-40,3.59,1061,66.59
"Skin, Bones, Valves",-41.32,-40,-40,3.72,1101,68.31
"Skin, Bones, Valves",-36.04,-40,-40,6.68,397,66.4
"Skin, Bones, Valves",-39.92,-40,-40,3.99,1007,65.78
"Skin, Bones, Valves",-40.4,-40,-40,2.31,81,93.23
"Skin, Bones, Valves",-41.84,-40,-40,3.84,167,89.78
"Skin, Bones, Valves",-37.47,-40,-40,4.93,303,76.85
"Skin, Bones, Valves",-38.7,-40,-40,5.04,930,62.27
"Skin, Bones, Valves",-41.14,-40,-40,7.21,584,74.19
"Skin, Bones, Valves",-36.68,-40,-40,10.62,641,54.24
"Skin, Bones, Valves",-36.55,-40,-40,10.86,137,68.18
"Skin, Bones, Valves",-36.19,-40,-40,7.54,553,60.21
"Skin, Bones, Valves",-36.45,-40,-40,3.64,128,84.38
"Skin, Bones, Valves",-38.13,-40,-40,6.54,1136,53.49
"Skin, Bones, Valves",-41.83,-40,-40,9.77,200,80.77
"Skin, Bones, Valves",-41.21,-40,-40,8.13,783,69.07
"Skin, Bones, Valves",-37.67,-40,-40,10.53,542,60.36
"Skin, Bones, Valves",-40.03,-40,-40,4.29,1112,63.43
"Skin, Bones, Valves",-37.48,-40,-40,5.97,1295,48.37
"Skin, Bones, Valves",-38.99,-40,-40,3.25,1139,60.83
"Skin, Bones, Valves",-38.11,-40,-40,11.01,939,51.87
"Skin, Bones, Valves",-37.54,-40,-40,10.65,4,75.54
"Skin, Bones, Valves",-38.37,-40,-40,2.99,402,79.31
"Skin, Bones, Valves",-40.25,-40,-40,5.27,743,70.93
"Skin, Bones, Valves",-37.63,-40,-40,3.93,432,74.92
"Skin, Bones, Valves",-36.75,-40,-40,4.45,1017,54.32
"Skin, Bones, Valves",-36.28,-40,-40,5.06,1325,44.29
"Skin, Bones, Valves",-41.02,-40,-40,4.11,1150,66.01
"Skin, Bones, Valves",-39.35,-40,-40,5.27,124,85.41
"Skin, Bones, Valves",-36.18,-40,-40,11.91,1277,36.58
"Skin, Bones, Valves",-38.66,-40,-40,3.47,1358,54.6
"Skin, Bones, Valves",-36.02,-40,-40,10.59,1283,37.31
"Skin, Bones, Valves",-40.31,-40,-40,9.67,459,71.54
"Skin, Bones, Valves",-40.95,-40,-40,2.27,826,74.93
"Skin, Bones, Valves",-39.34,-40,-40,9.99,718,62.35
"Skin, Bones, Valves",-38.41,-40,-40,8.88,1117,51.96
"Skin, Bones, Valves",-38.69,-40,-40,5.82,1223,54.6
"Skin, Bones, Valves",-36.64,-40,-40,8.99,1329,40.71
"Skin, Bones, Valves",-36.87,-40,-40,6.93,754,57.76
"Skin, Bones, Valves",-39.78,-40,-40,8.64,1307,53.62
"Skin, Bones, Valves",-38.3,-40,-40,8.79,1226,49.44
"Skin, Bones, Valves",-36.97,-40,-40,5.95,42,83.09
"Skin, Bones, Valves",-37.31,-40,-40,11.09,846,50.86
"Skin, Bones, Valves",-39.24,-40,-40,10.63,945,56.34
"Skin, Bones, Valves",-38.64,-40,-40,3.14,775,68.87
"Skin, Bones, Valves",-36.92,-40,-40,3.68,633,67.16
"Skin, Bones, Valves",-40.7,-40,-40,9.88,65,81.64
"Skin, Bones, Valves",-41.14,-40,-40,6.96,919,67.55
"Skin, Bones, Valves",-36.86,-40,-40,7.65,758,56.46
"Skin, Bones, Valves",-40.8,-40,-40,11.72,872,61.87
"Skin, Bones, Valves",-36.04,-40,-40,2.9,1287,47.27
"Skin, Bones, Valves",-38.72,-40,-40,5.86,1399,51.07
"Skin, Bones, Valves",-37.47,-40,-40,11.79,865,50.08
"Skin, Bones, Valves",-40.99,-40,-40,8.37,1322,58.01
"Skin, Bones, Valves",-40.52,-40,-40,8.63,916,63.7
"Skin, Bones, Valves",-37.53,-40,-40,8.91,201,72.52
"Skin, Bones, Valves",-38.89,-40,-40,9.43,1431,47.13
"Skin, Bones, Valves",-40.88,-40,-40,3.03,67,92.75
"Skin, Bones, Valves",-37.93,-40,-40,2.67,121,88.9
"Skin, Bones, Valves",-38.44,-40,-40,3.03,567,74.37
"Skin, Bones, Valves",-38.74,-40,-40,8.48,30,81.35
"Skin, Bones, Valves",-39.21,-40,-40,6.53,701,67.21
"Skin, Bones, Valves",-39.7,-40,-40,11.07,545,65.91
"Skin, Bones, Valves",-36.17,-40,-40,9.05,294,65.49
"Skin, Bones, Valves",-40.3,-40,-40,7.98,304,77.7
"Skin, Bones, Valves",-38.55,-40,-40,11.43,715,57.84
"Skin, Bones, Valves",-41.27,-40,-40,11.26,1037,60.93
"Skin, Bones, Valves",-41.02,-40,-40,9.74,260,77.79
"Skin, Bones, Valves",-38.52,-40,-40,7.66,615,65.59
"Skin, Bones, Valves",-39.42,-40,-40,8.29,501,70.13
"Skin, Bones, Valves",-39.88,-40,-40,4.19,45,90.47
"Skin, Bones, Valves",-41.5,-40,-40,8.06,733,70.94
"Skin, Bones, Valves",-38.07,-40,-40,6.04,222,78.6
"Skin, Bones, Valves",-37.56,-40,-40,6.19,786,60.41
"Skin, Bones, Valves",-37.6,-40,-40,5.86,199,78.77
"Skin, Bones, Valves",-39.93,-40,-40,9.61,1065,57.61
"Skin, Bones, Valves",-41.31,-40,-40,7.15,1218,62.2
"Skin, Bones, Valves",-38.15,-40,-40,2.65,364,80.78
"Skin, Bones, Valves",-41.95,-40,-40,9.12,679,71.98
"Skin, Bones, Valves",-41.78,-40,-40,6.53,419,80.12
"Skin, Bones, Valves",-36.13,-40,-40,11.14,884,45.45
"Skin, Bones, Valves",-38.33,-40,-40,8.92,932,55.57
"Skin, Bones, Valves",-40.0,-40,-40,2.08,704,75.85
"Skin, Bones, Valves",-38.82,-40,-40,9.34,1352,48.38
"Skin, Bones, Valves",-40.86,-40,-40,10.07,1328,55.69
"Skin, Bones, Valves",-40.6,-40,-40,5.1,331,81.99
"Skin, Bones, Valves",-40.16,-40,-40,7.5,738,67.79
"Skin, Bones, Valves",-38.97,-40,-40,4.83,188,83.66
"Skin, Bones, Valves",-37.45,-40,-40,10.11,90,73.57
"Skin, Bones, Valves",-39.32,-40,-40,7.13,198,79.86
"Skin, Bones, Valves",-37.66,-40,-40,7.64,207,75.09
"Skin, Bones, Valves",-37.73,-40,-40,4.31,1134,55.15
"Skin, Bones, Valves",-38.47,-40,-40,7.25,1018,56.37
"Skin, Bones, Valves",-37.14,-40,-40,5.56,1092,52.21
"Skin, Bones, Valves",-36.36,-40,-40,9.03,662,55.07
"Skin, Bones, Valves",-37.47,-40,-40,11.53,539,58.2
"Skin, Bones, Valves",-37.63,-40,-40,4.75,1407,48.13
"Skin, Bones, Valves",-37.22,-40,-40,8.49,366,67.34
"Skin, Bones, Valves",-38.41,-40,-40,3.2,1090,60.11
"Skin, Bones, Valves",-38.8,-40,-40,3.14,731,70.51
"Skin, Bones, Valves",-37.62,-40,-40,9.42,1275,45.1
"Skin, Bones, Valves",-39.77,-40,-40,3.25,717,73.22
"Skin, Bones, Valves",-37.94,-40,-40,2.45,309,82.65
"Skin, Bones, Valves",-38.27,-40,-40,5.08,105,84.76
"Skin, Bones, Valves",-39.2,-40,-40,6.08,992,61.01
"Skin, Bones, Valves",-38.28,-40,-40,3.58,1202,56.53
"Skin, Bones, Valves",-38.6,-40,-40,8.8,219,74.8
"Skin, Bones, Valves",-36.43,-40,-40,9.79,58,72.79
"Skin, Bones, Valves",-38.93,-40,-40,8.29,898,59.24
"Skin, Bones, Valves",-37.53,-40,-40,6.63,1371,46.18
"Skin, Bones, Valves",-39.41,-40,-40,11.2,194,73.49
"Skin, Bones, Valves",-36.93,-40,-40,2.95,467,74.07
"Skin, Bones, Valves",-41.86,-40,-40,4.77,732,75.9
"Skin, Bones, Valves",-41.39,-40,-40,8.14,411,77.36
"Skin, Bones, Valves",-40.29,-40,-40,7.59,983,62.85
"Skin, Bones, Valves",-39.48,-40,-40,10.38,75,78.17
"Skin, Bones, Valves",-36.62,-40,-40,6.2,733,58.71
"Skin, Bones, Valves",-36.18,-40,-40,4.74,575,64.76
"Skin, Bones, Valves",-36.14,-40,-40,4.61,788,58.26
"Skin, Bones, Valves",-38.23,-40,-40,4.9,932,60.87
"Skin, Bones, Valves",-40.06,-40,-40,3.25,1378,59.42
"Skin, Bones, Valves",-36.01,-40,-40,9.63,229,66.03
"Skin, Bones, Valves",-36.37,-40,-40,6.79,280,71.17
"Skin, Bones, Valves",-38.49,-40,-40,9.19,457,67.24
"Skin, Bones, Valves",-39.65,-40,-40,4.88,493,76.16
"Skin, Bones, Valves",-38.65,-40,-40,10.79,316,68.9
"Skin, Bones, Valves",-41.15,-40,-40,5.62,440,79.62
"Skin, Bones, Valves",-37.78,-40,-40,8.81,732,58.53
"Skin, Bones, Valves",-39.96,-40,-40,6.35,1120,60.51
"Skin, Bones, Valves",-41.84,-40,-40,7.02,1116,65.89
"Skin, Bones, Valves",-39.12,-40,-40,9.22,935,57.89
"Skin, Bones, Valves",-39.07,-40,-40,3.91,834,67.39
"Skin, Bones, Valves",-38.02,-40,-40,8.19,121,77.58
"Skin, Bones, Valves",-38.85,-40,-40,7.97,624,65.9
"Skin, Bones, Valves",-37.53,-40,-40,11.01,923,50.09
"Skin, Bones, Valves",-41.34,-40,-40,10.96,745,66.84
"Skin, Bones, Valves",-39.77,-40,-40,3.09,914,68.67
"Skin, Bones, Valves",-39.69,-40,-40,8.28,960,60.5
"Skin, Bones, Valves",-38.54,-40,-40,3.95,1372,53.29
"Skin, Bones, Valves",-36.88,-40,-40,5.41,903,56.24
"Skin, Bones, Valves",-40.83,-40,-40,2.87,560,80.04
"Skin, Bones, Valves",-36.13,-40,-40,3.24,483,70.88
"Skin, Bones, Valves",-36.46,-40,-40,6.64,478,65.06
"Skin, Bones, Valves",-37.39,-40,-40,9.31,915,52.03
"Skin, Bones, Valves",-39.41,-40,-40,11.58,467,66.14
"Skin, Bones, Valves",-38.48,-40,-40,5.13,1358,51.86
"Skin, Bones, Valves",-41.54,-40,-40,4.99,1086,67.77
"Skin, Bones, Valves",-37.92,-40,-40,3.34,659,69.77
"Skin, Bones, Valves",-36.47,-40,-40,7.94,868,51.77
"Skin, Bones, Valves",-38.08,-40,-40,8.36,300,71.91
"Skin, Bones, Valves",-37.79,-40,-40,2.04,479,77.47
"Skin, Bones, Valves",-40.46,-40,-40,4.73,1399,58.68
"Skin, Bones, Valves",-40.0,-40,-40,5.51,772,69.24
"Skin, Bones, Valves",-39.19,-40,-40,11.11,121,75.04
"Skin, Bones, Valves",-37.35,-40,-40,6.96,458,67.71
"Skin, Bones, Valves",-41.89,-40,-40,10.29,1061,63.56
"Skin, Bones, Valves",-37.07,-40,-40,4.57,813,60.7
"Skin, Bones, Valves",-37.89,-40,-40,3.23,904,63.04
"Skin, Bones, Valves",-40.43,-40,-40,9.1,409,73.83
"Skin, Bones, Valves",-40.97,-40,-40,3.4,632,77.88
"Skin, Bones, Valves",-37.35,-40,-40,4.45,54,86.68
"Skin, Bones, Valves",-36.81,-40,-40,3.15,1289,49.76
"Skin, Bones, Valves",-38.18,-40,-40,11.26,738,56.24
"Skin, Bones, Valves",-38.39,-40,-40,5.55,924,60.64
"Skin, Bones, Valves",-41.68,-40,-40,4.35,1179,67.17
"Skin, Bones, Valves",-36.73,-40,-40,7.78,540,61.92
"Skin, Bones, Valves",-36.13,-40,-40,10.03,937,45.78
"Skin, Bones, Valves",-36.39,-40,-40,2.07,502,73.39
"Skin, Bones, Valves",-36.3,-40,-40,2.36,335,78.84
"Skin, Bones, Valves",-36.09,-40,-40,8.92,319,64.68
"Skin, Bones, Valves",-40.62,-40,-40,2.69,469,82.19
"Skin, Bones, Valves",-39.32,-40,-40,11.99,872,56.45
"Skin, Bones, Valves",-41.97,-40,-40,9.48,1048,64.88
"Skin, Bones, Valves",-41.5,-40,-40,2.65,367,86.2
"Skin, Bones, Valves",-39.28,-40,-40,8.13,1343,51.64
"Skin, Bones, Valves",-37.03,-40,-40,7.82,1256,45.16
"Skin, Bones, Valves",-36.13,-40,-40,2.17,687,66.02
"Skin, Bones, Valves",-37.39,-40,-40,9.67,1061,48.28
"Skin, Bones, Valves",-38.81,-40,-40,9.36,670,62.64
"Skin, Bones, Valves",-36.84,-40,-40,3.71,852,60.32
"Skin, Bones, Valves",-40.69,-40,-40,3.81,505,79.73
"Skin, Bones, Valves",-40.64,-40,-40,9.46,28,83.12
"Skin, Bones, Valves",-36.2,-40,-40,8.66,278,66.9
"Skin, Bones, Valves",-41.93,-40,-40,3.2,1012,72.34
"Skin, Bones, Valves",-37.14,-40,-40,3.59,95,86.81
"Skin, Bones, Valves",-39.37,-40,-40,3.6,770,70.3
"Skin, Bones, Valves",-37.67,-40,-40,4.08,696,66.71
"Skin, Bones, Valves",-40.99,-40,-40,2.85,649,78.27
"Skin, Bones, Valves",-38.37,-40,-40,11.56,745,56.36
"Skin, Bones, Valves",-39.54,-40,-40,11.29,706,61.56
"Skin, Bones, Valves",-36.92,-40,-40,4.57,153,81.93
"Skin, Bones, Valves",-41.72,-40,-40,11.69,676,68.44
"Skin, Bones, Valves",-40.5,-40,-40,4.73,500,78.1
"Skin, Bones, Valves",-37.09,-40,-40,9.52,975,49.25
"Skin, Bones, Valves",-40.27,-40,-40,9.33,1246,55.76
"Skin, Bones, Valves",-39.77,-40,-40,6.18,1336,55.79
"Skin, Bones, Valves",-36.13,-40,-40,3.76,165,82.0
"Skin, Bones, Valves",-39.21,-40,-40,5.53,172,83.25
"Skin, Bones, Valves",-36.08,-40,-40,2.96,1163,50.42
"Skin, Bones, Valves",-38.32,-40,-40,3.97,906,63.22
"Skin, Bones, Valves",-40.28,-40,-40,7.45,1064,61.36
"Skin, Bones, Valves",-36.97,-40,-40,3.17,744,64.82
"Skin, Bones, Valves",-39.92,-40,-40,2.78,706,74.58
"Skin, Bones, Valves",-41.87,-40,-40,11.26,515,72.47
"Skin, Bones, Valves",-36.23,-40,-40,3.17,501,70.66
"Skin, Bones, Valves",-39.7,-40,-40,6.33,367,77.31
"Skin, Bones, Valves",-36.55,-40,-40,5.0,923,55.22
"Skin, Bones, Valves",-39.36,-40,-40,11.2,1071,53.59
"Skin, Bones, Valves",-37.81,-40,-40,8.18,880,55.93
